#
# A fatal error has been detected by the Java Runtime Environment:
#
#  SIGSEGV (0xb) at pc=0x0000000100f4147c, pid=58137, tid=38643
#
# JRE version: OpenJDK Runtime Environment Zulu17.64+17-CA (17.0.18+8) (build 17.0.18+8-LTS)
# Java VM: OpenJDK 64-Bit Server VM Zulu17.64+17-CA (17.0.18+8-LTS, mixed mode, sharing, tiered, compressed oops, compressed class ptrs, g1 gc, bsd-aarch64)
# Problematic frame:
# C  [python3.12+0xdd47c]  PyObject_RichCompare+0x38
#
# No core dump will be written. Core dumps have been disabled. To enable core dumping, try "ulimit -c unlimited" before starting Java again
#
# If you would like to submit a bug report, please visit:
#   http://www.azul.com/support/
# The crash happened outside the Java Virtual Machine in native code.
# See problematic frame for where to report the bug.
#

---------------  S U M M A R Y ------------

Command Line: -Dfile.encoding=UTF8 -ea -Xmx1024m 

Host: "Mac17,4" arm64, 10 cores, 32G, Darwin 25.5.0, macOS 26.5.2 (25F84)
Time: Tue Jul 28 10:07:37 2026 KST elapsed time: 26557.646841 seconds (0d 7h 22m 37s)

---------------  T H R E A D  ---------------

Current thread (0x000000010700bc00):  JavaThread "SIGTERM handler" daemon [_thread_in_native, id=38643, stack(0x000000031127c000,0x000000031147f000)]

Stack: [0x000000031127c000,0x000000031147f000],  sp=0x000000031147e6b0,  free space=2057k
Native frames: (J=compiled Java code, j=interpreted, Vv=VM code, C=native code)
C  [python3.12+0xdd47c]  PyObject_RichCompare+0x38
C  [python3.12+0xdd324]  PyObject_RichCompareBool+0x18
C  [python3.12+0x26e400]  PyErr_SetInterruptEx+0x68
j  org.jpype.JPypeSignal.interruptPy(I)V+0
j  org.jpype.JPypeSignal.lambda$getSignalHandler$0(ILjava/lang/Object;Ljava/lang/reflect/Method;[Ljava/lang/Object;)Ljava/lang/Object;+7
j  org.jpype.JPypeSignal$$Lambda$14+0x0000000401006d38.invoke(Ljava/lang/Object;Ljava/lang/reflect/Method;[Ljava/lang/Object;)Ljava/lang/Object;+7
j  jdk.proxy2.$Proxy3.handle(Lsun/misc/Signal;)V+16 jdk.proxy2
j  sun.misc.Signal$InternalMiscHandler.handle(Ljdk/internal/misc/Signal;)V+8 jdk.unsupported@17.0.18
j  jdk.internal.misc.Signal$1.run()V+8 java.base@17.0.18
j  java.lang.Thread.run()V+11 java.base@17.0.18
v  ~StubRoutines::call_stub
V  [libjvm.dylib+0x484bc0]  JavaCalls::call_helper(JavaValue*, methodHandle const&, JavaCallArguments*, JavaThread*)+0x39c
V  [libjvm.dylib+0x483bcc]  JavaCalls::call_virtual(JavaValue*, Klass*, Symbol*, Symbol*, JavaCallArguments*, JavaThread*)+0x11c
V  [libjvm.dylib+0x483c98]  JavaCalls::call_virtual(JavaValue*, Handle, Klass*, Symbol*, Symbol*, JavaThread*)+0x64
V  [libjvm.dylib+0x53b644]  thread_entry(JavaThread*, JavaThread*)+0xc4
V  [libjvm.dylib+0x9c5d44]  JavaThread::thread_main_inner()+0x15c
V  [libjvm.dylib+0x9c439c]  Thread::call_run()+0xcc
V  [libjvm.dylib+0x7df164]  thread_native_entry(Thread*)+0x158
C  [libsystem_pthread.dylib+0x6c58]  _pthread_start+0x88

Java frames: (J=compiled Java code, j=interpreted, Vv=VM code)
j  org.jpype.JPypeSignal.interruptPy(I)V+0
j  org.jpype.JPypeSignal.lambda$getSignalHandler$0(ILjava/lang/Object;Ljava/lang/reflect/Method;[Ljava/lang/Object;)Ljava/lang/Object;+7
j  org.jpype.JPypeSignal$$Lambda$14+0x0000000401006d38.invoke(Ljava/lang/Object;Ljava/lang/reflect/Method;[Ljava/lang/Object;)Ljava/lang/Object;+7
j  jdk.proxy2.$Proxy3.handle(Lsun/misc/Signal;)V+16 jdk.proxy2
j  sun.misc.Signal$InternalMiscHandler.handle(Ljdk/internal/misc/Signal;)V+8 jdk.unsupported@17.0.18
j  jdk.internal.misc.Signal$1.run()V+8 java.base@17.0.18
j  java.lang.Thread.run()V+11 java.base@17.0.18
v  ~StubRoutines::call_stub

siginfo: si_signo: 11 (SIGSEGV), si_code: 2 (SEGV_ACCERR), si_addr: 0x0000000000000024

Registers:
 x0=0x0000600000194958  x1=0x00000001013927d0  x2=0x0000000000000002  x3=0x0000000000000000
 x4=0x0000000000000001  x5=0x0000000000000000  x6=0x00000000000000d6  x7=0x000000010700bc00
 x8=0x0000000184e90388  x9=0x000000010131fba8 x10=0x000000014b504190 x11=0x0000000000000004
x12=0x000000017841b200 x13=0x000000017841b200 x14=0x00000000c5aa2810 x15=0x00000000c58a27fb
x16=0x0000000000000102 x17=0x0000000000000000 x18=0x0000000000000000 x19=0x0000000000000000
x20=0x00000001013927b0 x21=0x0000000161cb45c0 x22=0x0000000000000000 x23=0x000000030753c880
x24=0x000000031147e7d8 x25=0x0000000000000001 x26=0x000000017841b3e0 x27=0x0000000000000000
x28=0x000000010700bc00  fp=0x000000031147e700  lr=0x0000000100f41470  sp=0x000000031147e6b0
pc=0x0000000100f4147c cpsr=0x0000000080000000

Register to memory mapping:

 x0=0x0000600000194958 points into unknown readable memory: 0x0000000000000000 | 00 00 00 00 00 00 00 00
 x1=0x00000001013927d0: _PyRuntime+0xaa0 in /opt/homebrew/Caskroom/miniforge/base/envs/nlp_env/bin/python3.12 at 0x0000000100e64000
 x2=0x0000000000000002 is an unknown value
 x3=0x0 is NULL
 x4=0x0000000000000001 is an unknown value
 x5=0x0 is NULL
 x6=0x00000000000000d6 is an unknown value
 x7=0x000000010700bc00 is a thread
 x8=0x0000000184e90388: _tlv_get_addr+0 in /usr/lib/system/libdyld.dylib at 0x0000000184e73000
 x9=0x000000010131fba8: PyLong_Type+0 in /opt/homebrew/Caskroom/miniforge/base/envs/nlp_env/bin/python3.12 at 0x0000000100e64000
x10=0x000000014b504190: Java_org_jpype_JPypeSignal_interruptPy+0 in /opt/homebrew/Caskroom/miniforge/base/envs/nlp_env/lib/python3.12/site-packages/_jpype.so at 0x000000014b4f0000
x11=0x0000000000000004 is an unknown value
x12={method} {0x000000017841b200} 'interruptPy' '(I)V' in 'org/jpype/JPypeSignal'
x13={method} {0x000000017841b200} 'interruptPy' '(I)V' in 'org/jpype/JPypeSignal'
x14=0x00000000c5aa2810 is an unknown value
x15=0x00000000c58a27fb is an unknown value
x16=0x0000000000000102 is an unknown value
x17=0x0 is NULL
x18=0x0 is NULL
x19=0x0 is NULL
x20=0x00000001013927b0: _PyRuntime+0xa80 in /opt/homebrew/Caskroom/miniforge/base/envs/nlp_env/bin/python3.12 at 0x0000000100e64000
x21=0x0000000161cb45c0: _ZN19TemplateInterpreter13_active_tableE+0 in /opt/homebrew/Caskroom/miniforge/base/envs/nlp_env/lib/jvm/lib/server/libjvm.dylib at 0x0000000161024000
x22=0x0 is NULL
x23=0x000000030753c880 is at code_begin+0 in an Interpreter codelet
method entry point (kind = zerolocals)  [0x000000030753c880, 0x000000030753cb80]  768 bytes
x24=0x000000031147e7d8 is pointing into the stack for thread: 0x000000010700bc00
x25=0x0000000000000001 is an unknown value
x26=0x000000017841b3e0 is pointing into metadata
x27=0x0 is NULL
x28=0x000000010700bc00 is a thread


Top of Stack: (sp=0x000000031147e6b0)
0x000000031147e6b0:   000000017841b3e0 0000000000000001
0x000000031147e6c0:   000000031147e7d8 000000030753c880
0x000000031147e6d0:   000000031147e7d8 000000030753c880
0x000000031147e6e0:   0000000000000000 0000000161cb45c0
0x000000031147e6f0:   000000000000000f 00000001013927b0
0x000000031147e700:   000000031147e720 0000000100f41324
0x000000031147e710:   000000000000000f 00000001013927b0
0x000000031147e720:   000000031147e740 00000001010d2400
0x000000031147e730:   000000031147e758 000000030753b7f0
0x000000031147e740:   000000031147e7b0 000000030753d970
0x000000031147e750:   000000030753d78c 000000017841b200
0x000000031147e760:   000000031147e760 0000000000000000
0x000000031147e770:   000000031147e7d8 000000017841b3e0
0x000000031147e780:   00000007c006a4b8 0000000000000000
0x000000031147e790:   0000000000000000 000000017841b200
0x000000031147e7a0:   0000000000000000 000000031147e7b0
0x000000031147e7b0:   000000031147e830 000000030753a00c
0x000000031147e7c0:   0000000000000000 00000007c006a4b8
0x000000031147e7d0:   00000007c027dd38 000000000000000f
0x000000031147e7e0:   000000031147e7e0 000000017841b347
0x000000031147e7f0:   000000031147e858 000000017841b3e0
0x000000031147e800:   00000007c006a4b8 0000000000000000
0x000000031147e810:   0000000000000000 000000017841b350
0x000000031147e820:   000000031147e7d8 000000031147e820
0x000000031147e830:   000000031147e8b0 0000000307539db0
0x000000031147e840:   00000007d0200000 00000007c006c3b0
0x000000031147e850:   00000007c006c528 000000000000000f
0x000000031147e860:   000000031147e860 000000017841b90f
0x000000031147e870:   000000031147e8d8 000000017841b978
0x000000031147e880:   00000007c006b9e0 0000000000000000
0x000000031147e890:   0000000000000000 000000017841b918
0x000000031147e8a0:   000000031147e840 000000031147e880 

Instructions: (pc=0x0000000100f4147c)
0x0000000100f4137c:   89 02 00 b4 f4 03 00 aa 20 01 3f d6 00 7c 40 93
0x0000000100f4138c:   1d 00 00 14 5f 08 00 71 80 01 00 54 5f 0c 00 71
0x0000000100f4139c:   21 fc ff 54 13 00 80 52 24 00 00 14 13 00 80 12
0x0000000100f413ac:   22 00 00 14 88 22 00 90 08 81 33 91 1f 00 08 eb
0x0000000100f413bc:   f3 17 9f 1a 15 00 00 14 33 00 80 52 1b 00 00 14
0x0000000100f413cc:   09 39 40 f9 c9 00 00 b4 29 01 40 f9 89 00 00 b4
0x0000000100f413dc:   f4 03 00 aa 20 01 3f d6 07 00 00 14 08 35 40 f9
0x0000000100f413ec:   28 01 00 b4 08 01 40 f9 e8 00 00 b4 f4 03 00 aa
0x0000000100f413fc:   00 01 3f d6 1f 00 00 f1 13 d4 9f 1a e0 03 14 aa
0x0000000100f4140c:   02 00 00 14 33 00 80 52 08 00 40 f9 e8 00 f8 37
0x0000000100f4141c:   08 05 00 f1 08 00 00 f9 81 00 00 54 08 04 40 f9
0x0000000100f4142c:   08 19 40 f9 00 01 3f d6 e0 03 13 aa fd 7b 41 a9
0x0000000100f4143c:   f4 4f c2 a8 c0 03 5f d6 ff 83 01 d1 f8 5f 02 a9
0x0000000100f4144c:   f6 57 03 a9 f4 4f 04 a9 fd 7b 05 a9 fd 43 01 91
0x0000000100f4145c:   f4 03 00 aa 00 26 00 90 00 00 35 91 08 00 40 f9
0x0000000100f4146c:   00 01 3f d6 13 00 40 f9 14 02 00 b4 e1 01 00 b4
0x0000000100f4147c:   69 26 40 b9 28 05 00 51 68 26 00 b9 3f 01 00 71
0x0000000100f4148c:   cc 03 00 54 69 2a 40 b9 49 03 00 34 1f cd 00 31
0x0000000100f4149c:   4c 03 00 54 a0 16 00 f0 00 6c 05 91 a1 16 00 f0
0x0000000100f414ac:   21 c8 05 91 6f d8 04 94 68 32 40 f9 a8 00 00 b4
0x0000000100f414bc:   08 05 40 f9 68 00 00 b4 00 00 80 d2 a0 00 00 14
0x0000000100f414cc:   88 22 00 90 01 85 46 f9 48 6b 80 52 49 16 00 90
0x0000000100f414dc:   29 e9 06 91 e9 23 00 a9 c2 16 00 b0 42 24 17 91
0x0000000100f414ec:   e0 03 13 aa ba d6 03 94 00 00 80 d2 94 00 00 14
0x0000000100f414fc:   1f 01 00 71 0d 13 00 54 28 04 40 f9 89 06 40 f9
0x0000000100f4150c:   3f 01 08 eb c0 05 00 54 0b ad 40 f9 8b 01 00 b4
0x0000000100f4151c:   6a 09 40 f9 5f 05 00 f1 2b 05 00 54 6b 61 00 91
0x0000000100f4152c:   6c 01 40 f9 9f 01 09 eb c0 01 00 54 6b 21 00 91
0x0000000100f4153c:   4a 05 00 f1 61 ff ff 54 21 00 00 14 ea 03 08 aa
0x0000000100f4154c:   5f 01 09 eb e0 00 00 54 4a 81 40 f9 aa ff ff b5
0x0000000100f4155c:   aa 1c 00 d0 4a a1 35 91 3f 01 0a eb 01 03 00 54
0x0000000100f4156c:   08 65 40 f9 c8 02 00 b4 a9 1b 00 b0 29 81 30 91 


Stack slot to memory mapping:
stack at sp + 0 slots: 0x000000017841b3e0 is pointing into metadata
stack at sp + 1 slots: 0x0000000000000001 is an unknown value
stack at sp + 2 slots: 0x000000031147e7d8 is pointing into the stack for thread: 0x000000010700bc00
stack at sp + 3 slots: 0x000000030753c880 is at code_begin+0 in an Interpreter codelet
method entry point (kind = zerolocals)  [0x000000030753c880, 0x000000030753cb80]  768 bytes
stack at sp + 4 slots: 0x000000031147e7d8 is pointing into the stack for thread: 0x000000010700bc00
stack at sp + 5 slots: 0x000000030753c880 is at code_begin+0 in an Interpreter codelet
method entry point (kind = zerolocals)  [0x000000030753c880, 0x000000030753cb80]  768 bytes
stack at sp + 6 slots: 0x0 is NULL
stack at sp + 7 slots: 0x0000000161cb45c0: _ZN19TemplateInterpreter13_active_tableE+0 in /opt/homebrew/Caskroom/miniforge/base/envs/nlp_env/lib/jvm/lib/server/libjvm.dylib at 0x0000000161024000


---------------  P R O C E S S  ---------------

Threads class SMR info:
_java_thread_list=0x000060000035c3c0, length=13, elements={
0x000000014b8ab000, 0x000000014b8f9c00, 0x000000014b8fc400, 0x000000014135fe00,
0x000000014136ba00, 0x000000014136c000, 0x0000000141375800, 0x0000000141375e00,
0x0000000141376400, 0x0000000141376a00, 0x000000014b8fa200, 0x000000010215bc00,
0x000000010700bc00
}

Java Threads: ( => current thread )
  0x000000014b8ab000 JavaThread "main" [_thread_in_native, id=259, stack(0x000000016df9c000,0x000000016ef9c000)]
  0x000000014b8f9c00 JavaThread "Reference Handler" daemon [_thread_blocked, id=26627, stack(0x000000017c004000,0x000000017c207000)]
  0x000000014b8fc400 JavaThread "Finalizer" daemon [_thread_blocked, id=30211, stack(0x000000017c210000,0x000000017c413000)]
  0x000000014135fe00 JavaThread "Signal Dispatcher" daemon [_thread_blocked, id=29699, stack(0x000000017e5ec000,0x000000017e7ef000)]
  0x000000014136ba00 JavaThread "Service Thread" daemon [_thread_blocked, id=29443, stack(0x000000017e7f8000,0x000000017e9fb000)]
  0x000000014136c000 JavaThread "Monitor Deflation Thread" daemon [_thread_blocked, id=29187, stack(0x000000017ea04000,0x000000017ec07000)]
  0x0000000141375800 JavaThread "C2 CompilerThread0" daemon [_thread_blocked, id=28931, stack(0x000000017ec10000,0x000000017ee13000)]
  0x0000000141375e00 JavaThread "C1 CompilerThread0" daemon [_thread_blocked, id=27651, stack(0x000000017ee1c000,0x000000017f01f000)]
  0x0000000141376400 JavaThread "Sweeper thread" daemon [_thread_blocked, id=27907, stack(0x000000017f028000,0x000000017f22b000)]
  0x0000000141376a00 JavaThread "Notification Thread" daemon [_thread_blocked, id=32771, stack(0x000000017f234000,0x000000017f437000)]
  0x000000014b8fa200 JavaThread "Common-Cleaner" daemon [_thread_blocked, id=43267, stack(0x000000017f64c000,0x000000017f84f000)]
  0x000000010215bc00 JavaThread "Python Reference Queue" daemon [_thread_blocked, id=33795, stack(0x000000017f858000,0x000000017fa5b000)]
=>0x000000010700bc00 JavaThread "SIGTERM handler" daemon [_thread_in_native, id=38643, stack(0x000000031127c000,0x000000031147f000)]

Other Threads:
  0x000000014b25ca30 VMThread "VM Thread" [stack: 0x0000000177cf8000,0x0000000177efb000] [id=23299]
  0x00000001473c8f20 WatcherThread [stack: 0x000000017f440000,0x000000017f643000] [id=33283]
  0x000000014b259530 GCTaskThread "GC Thread#0" [stack: 0x00000001772bc000,0x00000001774bf000] [id=20739]
  0x000000014b26ae80 GCTaskThread "GC Thread#1" [stack: 0x000000017fa64000,0x000000017fc67000] [id=34307]
  0x000000014b26b310 GCTaskThread "GC Thread#2" [stack: 0x000000017fc70000,0x000000017fe73000] [id=42499]
  0x000000014b26bb90 GCTaskThread "GC Thread#3" [stack: 0x000000030f004000,0x000000030f207000] [id=42243]
  0x000000014b26c410 GCTaskThread "GC Thread#4" [stack: 0x000000030f210000,0x000000030f413000] [id=41987]
  0x00000001473cacc0 GCTaskThread "GC Thread#5" [stack: 0x000000030f41c000,0x000000030f61f000] [id=41731]
  0x00000001473cb540 GCTaskThread "GC Thread#6" [stack: 0x000000030f628000,0x000000030f82b000] [id=35331]
  0x000000014b26cc90 GCTaskThread "GC Thread#7" [stack: 0x000000030f834000,0x000000030fa37000] [id=40963]
  0x000000014b2864d0 GCTaskThread "GC Thread#8" [stack: 0x0000000311070000,0x0000000311273000] [id=38659]
  0x0000000146cb7000 ConcurrentGCThread "G1 Main Marker" [stack: 0x00000001774c8000,0x00000001776cb000] [id=18179]
  0x0000000146cb76c0 ConcurrentGCThread "G1 Conc#0" [stack: 0x00000001776d4000,0x00000001778d7000] [id=18691]
  0x00000001473e1470 ConcurrentGCThread "G1 Conc#1" [stack: 0x0000000310a4c000,0x0000000310c4f000] [id=35843]
  0x0000000146cb9400 ConcurrentGCThread "G1 Refine#0" [stack: 0x00000001778e0000,0x0000000177ae3000] [id=19971]
  0x00000001473e1c20 ConcurrentGCThread "G1 Refine#1" [stack: 0x0000000310c58000,0x0000000310e5b000] [id=39939]
  0x000000011b005920 ConcurrentGCThread "G1 Refine#2" [stack: 0x0000000310e64000,0x0000000311067000] [id=39171]
  0x000000014b2599c0 ConcurrentGCThread "G1 Service" [stack: 0x0000000177aec000,0x0000000177cef000] [id=19459]

Threads with active compile tasks:

VM state: not at safepoint (normal execution)

VM Mutex/Monitor currently owned by a thread: None

Heap address: 0x00000007c0000000, size: 1024 MB, Compressed Oops mode: Zero based, Oop shift amount: 3

CDS archive(s) mapped at: [0x0000000400000000-0x0000000400bf0000-0x0000000400bf0000), size 12517376, SharedBaseAddress: 0x0000000400000000, ArchiveRelocationMode: 1.
Compressed class space mapped at: 0x0000000401000000-0x0000000441000000, reserved size: 1073741824
Narrow klass base: 0x0000000400000000, Narrow klass shift: 0, Narrow klass range: 0x100000000

GC Precious Log:
 CPUs: 10 total, 10 available
 Memory: 32768M
 Large Page Support: Disabled
 NUMA Support: Disabled
 Compressed Oops: Enabled (Zero based)
 Heap Region Size: 1M
 Heap Min Capacity: 8M
 Heap Initial Capacity: 512M
 Heap Max Capacity: 1G
 Pre-touch: Disabled
 Parallel Workers: 9
 Concurrent Workers: 2
 Concurrent Refinement Workers: 9
 Periodic GC: Disabled

Heap:
 garbage-first heap   total 276480K, used 89014K [0x00000007c0000000, 0x0000000800000000)
  region size 1024K, 11 young (11264K), 1 survivors (1024K)
 Metaspace       used 10219K, committed 10496K, reserved 1114112K
  class space    used 1519K, committed 1664K, reserved 1048576K

Heap Regions: E=young(eden), S=young(survivor), O=old, HS=humongous(starts), HC=humongous(continues), CS=collection set, F=free, OA=open archive, CA=closed archive, TAMS=top-at-mark-start (previous, next)
|   0|0x00000007c0000000, 0x00000007c00ffff8, 0x00000007c0100000| 99%| O|  |TAMS 0x00000007c00ffff8, 0x00000007c0000000| Untracked 
|   1|0x00000007c0100000, 0x00000007c01ffff8, 0x00000007c0200000| 99%| O|  |TAMS 0x00000007c01ffff8, 0x00000007c0100000| Untracked 
|   2|0x00000007c0200000, 0x00000007c02ffff8, 0x00000007c0300000| 99%| O|  |TAMS 0x00000007c02ffff8, 0x00000007c0200000| Untracked 
|   3|0x00000007c0300000, 0x00000007c0400000, 0x00000007c0400000|100%| O|  |TAMS 0x00000007c0400000, 0x00000007c0300000| Untracked 
|   4|0x00000007c0400000, 0x00000007c04fff50, 0x00000007c0500000| 99%| O|  |TAMS 0x00000007c04fff50, 0x00000007c0400000| Untracked 
|   5|0x00000007c0500000, 0x00000007c05fffe8, 0x00000007c0600000| 99%| O|  |TAMS 0x00000007c05fffe8, 0x00000007c0500000| Untracked 
|   6|0x00000007c0600000, 0x00000007c0700000, 0x00000007c0700000|100%| O|  |TAMS 0x00000007c0700000, 0x00000007c0600000| Untracked 
|   7|0x00000007c0700000, 0x00000007c07ffff8, 0x00000007c0800000| 99%| O|  |TAMS 0x00000007c07ffff8, 0x00000007c0700000| Untracked 
|   8|0x00000007c0800000, 0x00000007c08ffff8, 0x00000007c0900000| 99%| O|  |TAMS 0x00000007c08ffff8, 0x00000007c0800000| Untracked 
|   9|0x00000007c0900000, 0x00000007c09f4e08, 0x00000007c0a00000| 95%| O|  |TAMS 0x00000007c09f4e08, 0x00000007c0900000| Untracked 
|  10|0x00000007c0a00000, 0x00000007c0b00000, 0x00000007c0b00000|100%| O|  |TAMS 0x00000007c0b00000, 0x00000007c0a00000| Untracked 
|  11|0x00000007c0b00000, 0x00000007c0c00000, 0x00000007c0c00000|100%| O|  |TAMS 0x00000007c0c00000, 0x00000007c0b00000| Untracked 
|  12|0x00000007c0c00000, 0x00000007c0d00000, 0x00000007c0d00000|100%|HS|  |TAMS 0x00000007c0d00000, 0x00000007c0c00000| Untracked 
|  13|0x00000007c0d00000, 0x00000007c0e00000, 0x00000007c0e00000|100%|HC|  |TAMS 0x00000007c0e00000, 0x00000007c0d00000| Untracked 
|  14|0x00000007c0e00000, 0x00000007c0f00000, 0x00000007c0f00000|100%| O|  |TAMS 0x00000007c0f00000, 0x00000007c0e00000| Untracked 
|  15|0x00000007c0f00000, 0x00000007c0fffff8, 0x00000007c1000000| 99%| O|  |TAMS 0x00000007c0fffff8, 0x00000007c0f00000| Untracked 
|  16|0x00000007c1000000, 0x00000007c1100000, 0x00000007c1100000|100%|HS|  |TAMS 0x00000007c1100000, 0x00000007c1000000| Untracked 
|  17|0x00000007c1100000, 0x00000007c1200000, 0x00000007c1200000|100%|HC|  |TAMS 0x00000007c1200000, 0x00000007c1100000| Untracked 
|  18|0x00000007c1200000, 0x00000007c1300000, 0x00000007c1300000|100%| O|  |TAMS 0x00000007c1300000, 0x00000007c1200000| Untracked 
|  19|0x00000007c1300000, 0x00000007c1400000, 0x00000007c1400000|100%| O|  |TAMS 0x00000007c1400000, 0x00000007c1300000| Untracked 
|  20|0x00000007c1400000, 0x00000007c1500000, 0x00000007c1500000|100%|HS|  |TAMS 0x00000007c1500000, 0x00000007c1400000| Untracked 
|  21|0x00000007c1500000, 0x00000007c1600000, 0x00000007c1600000|100%|HS|  |TAMS 0x00000007c1600000, 0x00000007c1500000| Untracked 
|  22|0x00000007c1600000, 0x00000007c16ffff0, 0x00000007c1700000| 99%| O|  |TAMS 0x00000007c16ffff0, 0x00000007c1600000| Untracked 
|  23|0x00000007c1700000, 0x00000007c17fffe8, 0x00000007c1800000| 99%| O|  |TAMS 0x00000007c17fffe8, 0x00000007c1700000| Untracked 
|  24|0x00000007c1800000, 0x00000007c1900000, 0x00000007c1900000|100%| O|  |TAMS 0x00000007c1900000, 0x00000007c1800000| Untracked 
|  25|0x00000007c1900000, 0x00000007c1a00000, 0x00000007c1a00000|100%| O|  |TAMS 0x00000007c1a00000, 0x00000007c1900000| Untracked 
|  26|0x00000007c1a00000, 0x00000007c1b00000, 0x00000007c1b00000|100%| O|  |TAMS 0x00000007c1b00000, 0x00000007c1a00000| Untracked 
|  27|0x00000007c1b00000, 0x00000007c1c00000, 0x00000007c1c00000|100%| O|  |TAMS 0x00000007c1c00000, 0x00000007c1b00000| Untracked 
|  28|0x00000007c1c00000, 0x00000007c1d00000, 0x00000007c1d00000|100%| O|  |TAMS 0x00000007c1d00000, 0x00000007c1c00000| Untracked 
|  29|0x00000007c1d00000, 0x00000007c1e00000, 0x00000007c1e00000|100%| O|  |TAMS 0x00000007c1e00000, 0x00000007c1d00000| Untracked 
|  30|0x00000007c1e00000, 0x00000007c1effff0, 0x00000007c1f00000| 99%| O|  |TAMS 0x00000007c1effff0, 0x00000007c1e00000| Untracked 
|  31|0x00000007c1f00000, 0x00000007c2000000, 0x00000007c2000000|100%|HS|  |TAMS 0x00000007c2000000, 0x00000007c1f00000| Untracked 
|  32|0x00000007c2000000, 0x00000007c2100000, 0x00000007c2100000|100%|HC|  |TAMS 0x00000007c2100000, 0x00000007c2000000| Untracked 
|  33|0x00000007c2100000, 0x00000007c2200000, 0x00000007c2200000|100%|HS|  |TAMS 0x00000007c2200000, 0x00000007c2100000| Untracked 
|  34|0x00000007c2200000, 0x00000007c2300000, 0x00000007c2300000|100%|HC|  |TAMS 0x00000007c2300000, 0x00000007c2200000| Untracked 
|  35|0x00000007c2300000, 0x00000007c23ffff0, 0x00000007c2400000| 99%| O|  |TAMS 0x00000007c23ffff0, 0x00000007c2300000| Untracked 
|  36|0x00000007c2400000, 0x00000007c24ffff0, 0x00000007c2500000| 99%| O|  |TAMS 0x00000007c24ffff0, 0x00000007c2400000| Untracked 
|  37|0x00000007c2500000, 0x00000007c2600000, 0x00000007c2600000|100%|HS|  |TAMS 0x00000007c2600000, 0x00000007c2500000| Untracked 
|  38|0x00000007c2600000, 0x00000007c2700000, 0x00000007c2700000|100%|HC|  |TAMS 0x00000007c2700000, 0x00000007c2600000| Untracked 
|  39|0x00000007c2700000, 0x00000007c2800000, 0x00000007c2800000|100%|HS|  |TAMS 0x00000007c2800000, 0x00000007c2700000| Untracked 
|  40|0x00000007c2800000, 0x00000007c2900000, 0x00000007c2900000|100%|HC|  |TAMS 0x00000007c2900000, 0x00000007c2800000| Untracked 
|  41|0x00000007c2900000, 0x00000007c29ffff0, 0x00000007c2a00000| 99%| O|  |TAMS 0x00000007c29ffff0, 0x00000007c2900000| Untracked 
|  42|0x00000007c2a00000, 0x00000007c2b00000, 0x00000007c2b00000|100%| O|  |TAMS 0x00000007c2b00000, 0x00000007c2a00000| Untracked 
|  43|0x00000007c2b00000, 0x00000007c2c00000, 0x00000007c2c00000|100%| O|  |TAMS 0x00000007c2c00000, 0x00000007c2b00000| Untracked 
|  44|0x00000007c2c00000, 0x00000007c2d00000, 0x00000007c2d00000|100%| O|  |TAMS 0x00000007c2d00000, 0x00000007c2c00000| Untracked 
|  45|0x00000007c2d00000, 0x00000007c2dffff0, 0x00000007c2e00000| 99%| O|  |TAMS 0x00000007c2dffff0, 0x00000007c2d00000| Untracked 
|  46|0x00000007c2e00000, 0x00000007c2f00000, 0x00000007c2f00000|100%| O|  |TAMS 0x00000007c2f00000, 0x00000007c2e00000| Untracked 
|  47|0x00000007c2f00000, 0x00000007c3000000, 0x00000007c3000000|100%| O|  |TAMS 0x00000007c3000000, 0x00000007c2f00000| Untracked 
|  48|0x00000007c3000000, 0x00000007c3100000, 0x00000007c3100000|100%| O|  |TAMS 0x00000007c3100000, 0x00000007c3000000| Untracked 
|  49|0x00000007c3100000, 0x00000007c3200000, 0x00000007c3200000|100%| O|  |TAMS 0x00000007c3200000, 0x00000007c3100000| Untracked 
|  50|0x00000007c3200000, 0x00000007c3300000, 0x00000007c3300000|100%| O|  |TAMS 0x00000007c3300000, 0x00000007c3200000| Untracked 
|  51|0x00000007c3300000, 0x00000007c3400000, 0x00000007c3400000|100%| O|  |TAMS 0x00000007c3400000, 0x00000007c3300000| Untracked 
|  52|0x00000007c3400000, 0x00000007c3500000, 0x00000007c3500000|100%|HS|  |TAMS 0x00000007c3500000, 0x00000007c3400000| Untracked 
|  53|0x00000007c3500000, 0x00000007c3600000, 0x00000007c3600000|100%| O|  |TAMS 0x00000007c3600000, 0x00000007c3500000| Untracked 
|  54|0x00000007c3600000, 0x00000007c3700000, 0x00000007c3700000|100%| O|  |TAMS 0x00000007c3700000, 0x00000007c3600000| Untracked 
|  55|0x00000007c3700000, 0x00000007c3800000, 0x00000007c3800000|100%| O|  |TAMS 0x00000007c3800000, 0x00000007c3700000| Untracked 
|  56|0x00000007c3800000, 0x00000007c3900000, 0x00000007c3900000|100%| O|  |TAMS 0x00000007c3900000, 0x00000007c3800000| Untracked 
|  57|0x00000007c3900000, 0x00000007c3a00000, 0x00000007c3a00000|100%| O|  |TAMS 0x00000007c3a00000, 0x00000007c3900000| Untracked 
|  58|0x00000007c3a00000, 0x00000007c3ab9668, 0x00000007c3b00000| 72%| O|  |TAMS 0x00000007c3a00000, 0x00000007c3a00000| Untracked 
|  59|0x00000007c3b00000, 0x00000007c3c00000, 0x00000007c3c00000|100%| O|  |TAMS 0x00000007c3c00000, 0x00000007c3b00000| Untracked 
|  60|0x00000007c3c00000, 0x00000007c3cffff8, 0x00000007c3d00000| 99%| O|  |TAMS 0x00000007c3cffff8, 0x00000007c3c00000| Untracked 
|  61|0x00000007c3d00000, 0x00000007c3e00000, 0x00000007c3e00000|100%| O|  |TAMS 0x00000007c3e00000, 0x00000007c3d00000| Untracked 
|  62|0x00000007c3e00000, 0x00000007c3f00000, 0x00000007c3f00000|100%| O|  |TAMS 0x00000007c3f00000, 0x00000007c3e00000| Untracked 
|  63|0x00000007c3f00000, 0x00000007c3f75660, 0x00000007c4000000| 45%| O|  |TAMS 0x00000007c3f00000, 0x00000007c3f00000| Untracked 
|  64|0x00000007c4000000, 0x00000007c4100000, 0x00000007c4100000|100%| O|  |TAMS 0x00000007c4100000, 0x00000007c4000000| Untracked 
|  65|0x00000007c4100000, 0x00000007c41ffff8, 0x00000007c4200000| 99%| O|  |TAMS 0x00000007c41ffff8, 0x00000007c4100000| Untracked 
|  66|0x00000007c4200000, 0x00000007c4300000, 0x00000007c4300000|100%| O|  |TAMS 0x00000007c4300000, 0x00000007c4200000| Untracked 
|  67|0x00000007c4300000, 0x00000007c43fffe8, 0x00000007c4400000| 99%| O|  |TAMS 0x00000007c43fffe8, 0x00000007c4300000| Untracked 
|  68|0x00000007c4400000, 0x00000007c44ffff8, 0x00000007c4500000| 99%| O|  |TAMS 0x00000007c44ffff8, 0x00000007c4400000| Untracked 
|  69|0x00000007c4500000, 0x00000007c45a15f8, 0x00000007c4600000| 63%| O|  |TAMS 0x00000007c4500000, 0x00000007c4500000| Untracked 
|  70|0x00000007c4600000, 0x00000007c46fffe8, 0x00000007c4700000| 99%| O|  |TAMS 0x00000007c46fffe8, 0x00000007c4600000| Untracked 
|  71|0x00000007c4700000, 0x00000007c4799600, 0x00000007c4800000| 59%| O|  |TAMS 0x00000007c4700000, 0x00000007c4700000| Untracked 
|  72|0x00000007c4800000, 0x00000007c48fc240, 0x00000007c4900000| 98%| O|  |TAMS 0x00000007c48fc240, 0x00000007c4800000| Untracked 
|  73|0x00000007c4900000, 0x00000007c4a00000, 0x00000007c4a00000|100%| O|  |TAMS 0x00000007c4a00000, 0x00000007c4900000| Untracked 
|  74|0x00000007c4a00000, 0x00000007c4afffa0, 0x00000007c4b00000| 99%| O|  |TAMS 0x00000007c4afffa0, 0x00000007c4a00000| Untracked 
|  75|0x00000007c4b00000, 0x00000007c4bed4a8, 0x00000007c4c00000| 92%| O|  |TAMS 0x00000007c4b00000, 0x00000007c4b00000| Untracked 
|  76|0x00000007c4c00000, 0x00000007c4c8ea88, 0x00000007c4d00000| 55%| O|  |TAMS 0x00000007c4c00000, 0x00000007c4c00000| Untracked 
|  77|0x00000007c4d00000, 0x00000007c4d13a00, 0x00000007c4e00000|  7%| O|  |TAMS 0x00000007c4d00000, 0x00000007c4d00000| Untracked 
|  78|0x00000007c4e00000, 0x00000007c4e00000, 0x00000007c4f00000|  0%| F|  |TAMS 0x00000007c4e00000, 0x00000007c4e00000| Untracked 
|  79|0x00000007c4f00000, 0x00000007c4f00000, 0x00000007c5000000|  0%| F|  |TAMS 0x00000007c4f00000, 0x00000007c4f00000| Untracked 
|  80|0x00000007c5000000, 0x00000007c5000000, 0x00000007c5100000|  0%| F|  |TAMS 0x00000007c5000000, 0x00000007c5000000| Untracked 
|  81|0x00000007c5100000, 0x00000007c5100000, 0x00000007c5200000|  0%| F|  |TAMS 0x00000007c5100000, 0x00000007c5100000| Untracked 
|  82|0x00000007c5200000, 0x00000007c5200000, 0x00000007c5300000|  0%| F|  |TAMS 0x00000007c5200000, 0x00000007c5200000| Untracked 
|  83|0x00000007c5300000, 0x00000007c5300000, 0x00000007c5400000|  0%| F|  |TAMS 0x00000007c5300000, 0x00000007c5300000| Untracked 
|  84|0x00000007c5400000, 0x00000007c5400000, 0x00000007c5500000|  0%| F|  |TAMS 0x00000007c5400000, 0x00000007c5400000| Untracked 
|  85|0x00000007c5500000, 0x00000007c5500000, 0x00000007c5600000|  0%| F|  |TAMS 0x00000007c5500000, 0x00000007c5500000| Untracked 
|  86|0x00000007c5600000, 0x00000007c5600000, 0x00000007c5700000|  0%| F|  |TAMS 0x00000007c5600000, 0x00000007c5600000| Untracked 
|  87|0x00000007c5700000, 0x00000007c5700000, 0x00000007c5800000|  0%| F|  |TAMS 0x00000007c5700000, 0x00000007c5700000| Untracked 
|  88|0x00000007c5800000, 0x00000007c5800000, 0x00000007c5900000|  0%| F|  |TAMS 0x00000007c5800000, 0x00000007c5800000| Untracked 
|  89|0x00000007c5900000, 0x00000007c5900000, 0x00000007c5a00000|  0%| F|  |TAMS 0x00000007c5900000, 0x00000007c5900000| Untracked 
|  90|0x00000007c5a00000, 0x00000007c5a00000, 0x00000007c5b00000|  0%| F|  |TAMS 0x00000007c5a00000, 0x00000007c5a00000| Untracked 
|  91|0x00000007c5b00000, 0x00000007c5b00000, 0x00000007c5c00000|  0%| F|  |TAMS 0x00000007c5b00000, 0x00000007c5b00000| Untracked 
|  92|0x00000007c5c00000, 0x00000007c5c00000, 0x00000007c5d00000|  0%| F|  |TAMS 0x00000007c5c00000, 0x00000007c5c00000| Untracked 
|  93|0x00000007c5d00000, 0x00000007c5d00000, 0x00000007c5e00000|  0%| F|  |TAMS 0x00000007c5d00000, 0x00000007c5d00000| Untracked 
|  94|0x00000007c5e00000, 0x00000007c5e00000, 0x00000007c5f00000|  0%| F|  |TAMS 0x00000007c5e00000, 0x00000007c5e00000| Untracked 
|  95|0x00000007c5f00000, 0x00000007c5f00000, 0x00000007c6000000|  0%| F|  |TAMS 0x00000007c5f00000, 0x00000007c5f00000| Untracked 
|  96|0x00000007c6000000, 0x00000007c6000000, 0x00000007c6100000|  0%| F|  |TAMS 0x00000007c6000000, 0x00000007c6000000| Untracked 
|  97|0x00000007c6100000, 0x00000007c6100000, 0x00000007c6200000|  0%| F|  |TAMS 0x00000007c6100000, 0x00000007c6100000| Untracked 
|  98|0x00000007c6200000, 0x00000007c6200000, 0x00000007c6300000|  0%| F|  |TAMS 0x00000007c6200000, 0x00000007c6200000| Untracked 
|  99|0x00000007c6300000, 0x00000007c6300000, 0x00000007c6400000|  0%| F|  |TAMS 0x00000007c6300000, 0x00000007c6300000| Untracked 
| 100|0x00000007c6400000, 0x00000007c6400000, 0x00000007c6500000|  0%| F|  |TAMS 0x00000007c6400000, 0x00000007c6400000| Untracked 
| 101|0x00000007c6500000, 0x00000007c6500000, 0x00000007c6600000|  0%| F|  |TAMS 0x00000007c6500000, 0x00000007c6500000| Untracked 
| 102|0x00000007c6600000, 0x00000007c6600000, 0x00000007c6700000|  0%| F|  |TAMS 0x00000007c6600000, 0x00000007c6600000| Untracked 
| 103|0x00000007c6700000, 0x00000007c6700000, 0x00000007c6800000|  0%| F|  |TAMS 0x00000007c6700000, 0x00000007c6700000| Untracked 
| 104|0x00000007c6800000, 0x00000007c6800000, 0x00000007c6900000|  0%| F|  |TAMS 0x00000007c6800000, 0x00000007c6800000| Untracked 
| 105|0x00000007c6900000, 0x00000007c6900000, 0x00000007c6a00000|  0%| F|  |TAMS 0x00000007c6900000, 0x00000007c6900000| Untracked 
| 106|0x00000007c6a00000, 0x00000007c6a13a70, 0x00000007c6b00000|  7%| S|CS|TAMS 0x00000007c6a00000, 0x00000007c6a00000| Complete 
| 107|0x00000007c6b00000, 0x00000007c6b00000, 0x00000007c6c00000|  0%| F|  |TAMS 0x00000007c6b00000, 0x00000007c6b00000| Untracked 
| 108|0x00000007c6c00000, 0x00000007c6c00000, 0x00000007c6d00000|  0%| F|  |TAMS 0x00000007c6c00000, 0x00000007c6c00000| Untracked 
| 109|0x00000007c6d00000, 0x00000007c6d00000, 0x00000007c6e00000|  0%| F|  |TAMS 0x00000007c6d00000, 0x00000007c6d00000| Untracked 
| 110|0x00000007c6e00000, 0x00000007c6e00000, 0x00000007c6f00000|  0%| F|  |TAMS 0x00000007c6e00000, 0x00000007c6e00000| Untracked 
| 111|0x00000007c6f00000, 0x00000007c6f00000, 0x00000007c7000000|  0%| F|  |TAMS 0x00000007c6f00000, 0x00000007c6f00000| Untracked 
| 112|0x00000007c7000000, 0x00000007c7000000, 0x00000007c7100000|  0%| F|  |TAMS 0x00000007c7000000, 0x00000007c7000000| Untracked 
| 113|0x00000007c7100000, 0x00000007c7100000, 0x00000007c7200000|  0%| F|  |TAMS 0x00000007c7100000, 0x00000007c7100000| Untracked 
| 114|0x00000007c7200000, 0x00000007c7200000, 0x00000007c7300000|  0%| F|  |TAMS 0x00000007c7200000, 0x00000007c7200000| Untracked 
| 115|0x00000007c7300000, 0x00000007c7300000, 0x00000007c7400000|  0%| F|  |TAMS 0x00000007c7300000, 0x00000007c7300000| Untracked 
| 116|0x00000007c7400000, 0x00000007c7400000, 0x00000007c7500000|  0%| F|  |TAMS 0x00000007c7400000, 0x00000007c7400000| Untracked 
| 117|0x00000007c7500000, 0x00000007c7500000, 0x00000007c7600000|  0%| F|  |TAMS 0x00000007c7500000, 0x00000007c7500000| Untracked 
| 118|0x00000007c7600000, 0x00000007c7600000, 0x00000007c7700000|  0%| F|  |TAMS 0x00000007c7600000, 0x00000007c7600000| Untracked 
| 119|0x00000007c7700000, 0x00000007c7700000, 0x00000007c7800000|  0%| F|  |TAMS 0x00000007c7700000, 0x00000007c7700000| Untracked 
| 120|0x00000007c7800000, 0x00000007c7800000, 0x00000007c7900000|  0%| F|  |TAMS 0x00000007c7800000, 0x00000007c7800000| Untracked 
| 121|0x00000007c7900000, 0x00000007c7900000, 0x00000007c7a00000|  0%| F|  |TAMS 0x00000007c7900000, 0x00000007c7900000| Untracked 
| 122|0x00000007c7a00000, 0x00000007c7a00000, 0x00000007c7b00000|  0%| F|  |TAMS 0x00000007c7a00000, 0x00000007c7a00000| Untracked 
| 123|0x00000007c7b00000, 0x00000007c7b00000, 0x00000007c7c00000|  0%| F|  |TAMS 0x00000007c7b00000, 0x00000007c7b00000| Untracked 
| 124|0x00000007c7c00000, 0x00000007c7c00000, 0x00000007c7d00000|  0%| F|  |TAMS 0x00000007c7c00000, 0x00000007c7c00000| Untracked 
| 125|0x00000007c7d00000, 0x00000007c7d00000, 0x00000007c7e00000|  0%| F|  |TAMS 0x00000007c7d00000, 0x00000007c7d00000| Untracked 
| 126|0x00000007c7e00000, 0x00000007c7e00000, 0x00000007c7f00000|  0%| F|  |TAMS 0x00000007c7e00000, 0x00000007c7e00000| Untracked 
| 127|0x00000007c7f00000, 0x00000007c8000000, 0x00000007c8000000|100%| O|  |TAMS 0x00000007c8000000, 0x00000007c7f00000| Untracked 
| 128|0x00000007c8000000, 0x00000007c8100000, 0x00000007c8100000|100%| O|  |TAMS 0x00000007c8100000, 0x00000007c8000000| Untracked 
| 129|0x00000007c8100000, 0x00000007c8100000, 0x00000007c8200000|  0%| F|  |TAMS 0x00000007c8100000, 0x00000007c8100000| Untracked 
| 130|0x00000007c8200000, 0x00000007c8200000, 0x00000007c8300000|  0%| F|  |TAMS 0x00000007c8200000, 0x00000007c8200000| Untracked 
| 131|0x00000007c8300000, 0x00000007c8300000, 0x00000007c8400000|  0%| F|  |TAMS 0x00000007c8300000, 0x00000007c8300000| Untracked 
| 132|0x00000007c8400000, 0x00000007c8400000, 0x00000007c8500000|  0%| F|  |TAMS 0x00000007c8400000, 0x00000007c8400000| Untracked 
| 133|0x00000007c8500000, 0x00000007c8500000, 0x00000007c8600000|  0%| F|  |TAMS 0x00000007c8500000, 0x00000007c8500000| Untracked 
| 134|0x00000007c8600000, 0x00000007c8600000, 0x00000007c8700000|  0%| F|  |TAMS 0x00000007c8600000, 0x00000007c8600000| Untracked 
| 135|0x00000007c8700000, 0x00000007c8700000, 0x00000007c8800000|  0%| F|  |TAMS 0x00000007c8700000, 0x00000007c8700000| Untracked 
| 136|0x00000007c8800000, 0x00000007c8800000, 0x00000007c8900000|  0%| F|  |TAMS 0x00000007c8800000, 0x00000007c8800000| Untracked 
| 137|0x00000007c8900000, 0x00000007c8900000, 0x00000007c8a00000|  0%| F|  |TAMS 0x00000007c8900000, 0x00000007c8900000| Untracked 
| 138|0x00000007c8a00000, 0x00000007c8a00000, 0x00000007c8b00000|  0%| F|  |TAMS 0x00000007c8a00000, 0x00000007c8a00000| Untracked 
| 139|0x00000007c8b00000, 0x00000007c8b00000, 0x00000007c8c00000|  0%| F|  |TAMS 0x00000007c8b00000, 0x00000007c8b00000| Untracked 
| 140|0x00000007c8c00000, 0x00000007c8c00000, 0x00000007c8d00000|  0%| F|  |TAMS 0x00000007c8c00000, 0x00000007c8c00000| Untracked 
| 141|0x00000007c8d00000, 0x00000007c8d00000, 0x00000007c8e00000|  0%| F|  |TAMS 0x00000007c8d00000, 0x00000007c8d00000| Untracked 
| 142|0x00000007c8e00000, 0x00000007c8e00000, 0x00000007c8f00000|  0%| F|  |TAMS 0x00000007c8e00000, 0x00000007c8e00000| Untracked 
| 143|0x00000007c8f00000, 0x00000007c8f00000, 0x00000007c9000000|  0%| F|  |TAMS 0x00000007c8f00000, 0x00000007c8f00000| Untracked 
| 144|0x00000007c9000000, 0x00000007c9000000, 0x00000007c9100000|  0%| F|  |TAMS 0x00000007c9000000, 0x00000007c9000000| Untracked 
| 145|0x00000007c9100000, 0x00000007c9100000, 0x00000007c9200000|  0%| F|  |TAMS 0x00000007c9100000, 0x00000007c9100000| Untracked 
| 146|0x00000007c9200000, 0x00000007c9200000, 0x00000007c9300000|  0%| F|  |TAMS 0x00000007c9200000, 0x00000007c9200000| Untracked 
| 147|0x00000007c9300000, 0x00000007c9300000, 0x00000007c9400000|  0%| F|  |TAMS 0x00000007c9300000, 0x00000007c9300000| Untracked 
| 148|0x00000007c9400000, 0x00000007c9400000, 0x00000007c9500000|  0%| F|  |TAMS 0x00000007c9400000, 0x00000007c9400000| Untracked 
| 149|0x00000007c9500000, 0x00000007c9500000, 0x00000007c9600000|  0%| F|  |TAMS 0x00000007c9500000, 0x00000007c9500000| Untracked 
| 150|0x00000007c9600000, 0x00000007c9600000, 0x00000007c9700000|  0%| F|  |TAMS 0x00000007c9600000, 0x00000007c9600000| Untracked 
| 151|0x00000007c9700000, 0x00000007c9700000, 0x00000007c9800000|  0%| F|  |TAMS 0x00000007c9700000, 0x00000007c9700000| Untracked 
| 152|0x00000007c9800000, 0x00000007c9800000, 0x00000007c9900000|  0%| F|  |TAMS 0x00000007c9800000, 0x00000007c9800000| Untracked 
| 153|0x00000007c9900000, 0x00000007c9900000, 0x00000007c9a00000|  0%| F|  |TAMS 0x00000007c9900000, 0x00000007c9900000| Untracked 
| 154|0x00000007c9a00000, 0x00000007c9a00000, 0x00000007c9b00000|  0%| F|  |TAMS 0x00000007c9a00000, 0x00000007c9a00000| Untracked 
| 155|0x00000007c9b00000, 0x00000007c9b00000, 0x00000007c9c00000|  0%| F|  |TAMS 0x00000007c9b00000, 0x00000007c9b00000| Untracked 
| 156|0x00000007c9c00000, 0x00000007c9c00000, 0x00000007c9d00000|  0%| F|  |TAMS 0x00000007c9c00000, 0x00000007c9c00000| Untracked 
| 157|0x00000007c9d00000, 0x00000007c9d00000, 0x00000007c9e00000|  0%| F|  |TAMS 0x00000007c9d00000, 0x00000007c9d00000| Untracked 
| 158|0x00000007c9e00000, 0x00000007c9e00000, 0x00000007c9f00000|  0%| F|  |TAMS 0x00000007c9e00000, 0x00000007c9e00000| Untracked 
| 159|0x00000007c9f00000, 0x00000007c9f00000, 0x00000007ca000000|  0%| F|  |TAMS 0x00000007c9f00000, 0x00000007c9f00000| Untracked 
| 160|0x00000007ca000000, 0x00000007ca000000, 0x00000007ca100000|  0%| F|  |TAMS 0x00000007ca000000, 0x00000007ca000000| Untracked 
| 161|0x00000007ca100000, 0x00000007ca100000, 0x00000007ca200000|  0%| F|  |TAMS 0x00000007ca100000, 0x00000007ca100000| Untracked 
| 162|0x00000007ca200000, 0x00000007ca200000, 0x00000007ca300000|  0%| F|  |TAMS 0x00000007ca200000, 0x00000007ca200000| Untracked 
| 163|0x00000007ca300000, 0x00000007ca300000, 0x00000007ca400000|  0%| F|  |TAMS 0x00000007ca300000, 0x00000007ca300000| Untracked 
| 164|0x00000007ca400000, 0x00000007ca400000, 0x00000007ca500000|  0%| F|  |TAMS 0x00000007ca400000, 0x00000007ca400000| Untracked 
| 165|0x00000007ca500000, 0x00000007ca500000, 0x00000007ca600000|  0%| F|  |TAMS 0x00000007ca500000, 0x00000007ca500000| Untracked 
| 166|0x00000007ca600000, 0x00000007ca600000, 0x00000007ca700000|  0%| F|  |TAMS 0x00000007ca600000, 0x00000007ca600000| Untracked 
| 167|0x00000007ca700000, 0x00000007ca700000, 0x00000007ca800000|  0%| F|  |TAMS 0x00000007ca700000, 0x00000007ca700000| Untracked 
| 168|0x00000007ca800000, 0x00000007ca800000, 0x00000007ca900000|  0%| F|  |TAMS 0x00000007ca800000, 0x00000007ca800000| Untracked 
| 169|0x00000007ca900000, 0x00000007ca900000, 0x00000007caa00000|  0%| F|  |TAMS 0x00000007ca900000, 0x00000007ca900000| Untracked 
| 170|0x00000007caa00000, 0x00000007caa00000, 0x00000007cab00000|  0%| F|  |TAMS 0x00000007caa00000, 0x00000007caa00000| Untracked 
| 171|0x00000007cab00000, 0x00000007cab00000, 0x00000007cac00000|  0%| F|  |TAMS 0x00000007cab00000, 0x00000007cab00000| Untracked 
| 172|0x00000007cac00000, 0x00000007cac00000, 0x00000007cad00000|  0%| F|  |TAMS 0x00000007cac00000, 0x00000007cac00000| Untracked 
| 173|0x00000007cad00000, 0x00000007cad00000, 0x00000007cae00000|  0%| F|  |TAMS 0x00000007cad00000, 0x00000007cad00000| Untracked 
| 174|0x00000007cae00000, 0x00000007cae00000, 0x00000007caf00000|  0%| F|  |TAMS 0x00000007cae00000, 0x00000007cae00000| Untracked 
| 175|0x00000007caf00000, 0x00000007caf00000, 0x00000007cb000000|  0%| F|  |TAMS 0x00000007caf00000, 0x00000007caf00000| Untracked 
| 176|0x00000007cb000000, 0x00000007cb000000, 0x00000007cb100000|  0%| F|  |TAMS 0x00000007cb000000, 0x00000007cb000000| Untracked 
| 177|0x00000007cb100000, 0x00000007cb100000, 0x00000007cb200000|  0%| F|  |TAMS 0x00000007cb100000, 0x00000007cb100000| Untracked 
| 178|0x00000007cb200000, 0x00000007cb200000, 0x00000007cb300000|  0%| F|  |TAMS 0x00000007cb200000, 0x00000007cb200000| Untracked 
| 179|0x00000007cb300000, 0x00000007cb300000, 0x00000007cb400000|  0%| F|  |TAMS 0x00000007cb300000, 0x00000007cb300000| Untracked 
| 180|0x00000007cb400000, 0x00000007cb400000, 0x00000007cb500000|  0%| F|  |TAMS 0x00000007cb400000, 0x00000007cb400000| Untracked 
| 181|0x00000007cb500000, 0x00000007cb500000, 0x00000007cb600000|  0%| F|  |TAMS 0x00000007cb500000, 0x00000007cb500000| Untracked 
| 182|0x00000007cb600000, 0x00000007cb600000, 0x00000007cb700000|  0%| F|  |TAMS 0x00000007cb600000, 0x00000007cb600000| Untracked 
| 183|0x00000007cb700000, 0x00000007cb700000, 0x00000007cb800000|  0%| F|  |TAMS 0x00000007cb700000, 0x00000007cb700000| Untracked 
| 184|0x00000007cb800000, 0x00000007cb800000, 0x00000007cb900000|  0%| F|  |TAMS 0x00000007cb800000, 0x00000007cb800000| Untracked 
| 185|0x00000007cb900000, 0x00000007cb900000, 0x00000007cba00000|  0%| F|  |TAMS 0x00000007cb900000, 0x00000007cb900000| Untracked 
| 186|0x00000007cba00000, 0x00000007cba00000, 0x00000007cbb00000|  0%| F|  |TAMS 0x00000007cba00000, 0x00000007cba00000| Untracked 
| 187|0x00000007cbb00000, 0x00000007cbb00000, 0x00000007cbc00000|  0%| F|  |TAMS 0x00000007cbb00000, 0x00000007cbb00000| Untracked 
| 188|0x00000007cbc00000, 0x00000007cbc00000, 0x00000007cbd00000|  0%| F|  |TAMS 0x00000007cbc00000, 0x00000007cbc00000| Untracked 
| 189|0x00000007cbd00000, 0x00000007cbd00000, 0x00000007cbe00000|  0%| F|  |TAMS 0x00000007cbd00000, 0x00000007cbd00000| Untracked 
| 190|0x00000007cbe00000, 0x00000007cbe00000, 0x00000007cbf00000|  0%| F|  |TAMS 0x00000007cbe00000, 0x00000007cbe00000| Untracked 
| 191|0x00000007cbf00000, 0x00000007cbf00000, 0x00000007cc000000|  0%| F|  |TAMS 0x00000007cbf00000, 0x00000007cbf00000| Untracked 
| 192|0x00000007cc000000, 0x00000007cc000000, 0x00000007cc100000|  0%| F|  |TAMS 0x00000007cc000000, 0x00000007cc000000| Untracked 
| 193|0x00000007cc100000, 0x00000007cc100000, 0x00000007cc200000|  0%| F|  |TAMS 0x00000007cc100000, 0x00000007cc100000| Untracked 
| 194|0x00000007cc200000, 0x00000007cc200000, 0x00000007cc300000|  0%| F|  |TAMS 0x00000007cc200000, 0x00000007cc200000| Untracked 
| 195|0x00000007cc300000, 0x00000007cc300000, 0x00000007cc400000|  0%| F|  |TAMS 0x00000007cc300000, 0x00000007cc300000| Untracked 
| 196|0x00000007cc400000, 0x00000007cc400000, 0x00000007cc500000|  0%| F|  |TAMS 0x00000007cc400000, 0x00000007cc400000| Untracked 
| 197|0x00000007cc500000, 0x00000007cc500000, 0x00000007cc600000|  0%| F|  |TAMS 0x00000007cc500000, 0x00000007cc500000| Untracked 
| 198|0x00000007cc600000, 0x00000007cc600000, 0x00000007cc700000|  0%| F|  |TAMS 0x00000007cc600000, 0x00000007cc600000| Untracked 
| 199|0x00000007cc700000, 0x00000007cc700000, 0x00000007cc800000|  0%| F|  |TAMS 0x00000007cc700000, 0x00000007cc700000| Untracked 
| 200|0x00000007cc800000, 0x00000007cc800000, 0x00000007cc900000|  0%| F|  |TAMS 0x00000007cc800000, 0x00000007cc800000| Untracked 
| 201|0x00000007cc900000, 0x00000007cc900000, 0x00000007cca00000|  0%| F|  |TAMS 0x00000007cc900000, 0x00000007cc900000| Untracked 
| 202|0x00000007cca00000, 0x00000007cca00000, 0x00000007ccb00000|  0%| F|  |TAMS 0x00000007cca00000, 0x00000007cca00000| Untracked 
| 203|0x00000007ccb00000, 0x00000007ccb00000, 0x00000007ccc00000|  0%| F|  |TAMS 0x00000007ccb00000, 0x00000007ccb00000| Untracked 
| 204|0x00000007ccc00000, 0x00000007ccc00000, 0x00000007ccd00000|  0%| F|  |TAMS 0x00000007ccc00000, 0x00000007ccc00000| Untracked 
| 205|0x00000007ccd00000, 0x00000007ccd00000, 0x00000007cce00000|  0%| F|  |TAMS 0x00000007ccd00000, 0x00000007ccd00000| Untracked 
| 206|0x00000007cce00000, 0x00000007cce00000, 0x00000007ccf00000|  0%| F|  |TAMS 0x00000007cce00000, 0x00000007cce00000| Untracked 
| 207|0x00000007ccf00000, 0x00000007ccf00000, 0x00000007cd000000|  0%| F|  |TAMS 0x00000007ccf00000, 0x00000007ccf00000| Untracked 
| 208|0x00000007cd000000, 0x00000007cd000000, 0x00000007cd100000|  0%| F|  |TAMS 0x00000007cd000000, 0x00000007cd000000| Untracked 
| 209|0x00000007cd100000, 0x00000007cd100000, 0x00000007cd200000|  0%| F|  |TAMS 0x00000007cd100000, 0x00000007cd100000| Untracked 
| 210|0x00000007cd200000, 0x00000007cd200000, 0x00000007cd300000|  0%| F|  |TAMS 0x00000007cd200000, 0x00000007cd200000| Untracked 
| 211|0x00000007cd300000, 0x00000007cd300000, 0x00000007cd400000|  0%| F|  |TAMS 0x00000007cd300000, 0x00000007cd300000| Untracked 
| 212|0x00000007cd400000, 0x00000007cd400000, 0x00000007cd500000|  0%| F|  |TAMS 0x00000007cd400000, 0x00000007cd400000| Untracked 
| 213|0x00000007cd500000, 0x00000007cd500000, 0x00000007cd600000|  0%| F|  |TAMS 0x00000007cd500000, 0x00000007cd500000| Untracked 
| 214|0x00000007cd600000, 0x00000007cd600000, 0x00000007cd700000|  0%| F|  |TAMS 0x00000007cd600000, 0x00000007cd600000| Untracked 
| 215|0x00000007cd700000, 0x00000007cd700000, 0x00000007cd800000|  0%| F|  |TAMS 0x00000007cd700000, 0x00000007cd700000| Untracked 
| 216|0x00000007cd800000, 0x00000007cd800000, 0x00000007cd900000|  0%| F|  |TAMS 0x00000007cd800000, 0x00000007cd800000| Untracked 
| 217|0x00000007cd900000, 0x00000007cd900000, 0x00000007cda00000|  0%| F|  |TAMS 0x00000007cd900000, 0x00000007cd900000| Untracked 
| 218|0x00000007cda00000, 0x00000007cda00000, 0x00000007cdb00000|  0%| F|  |TAMS 0x00000007cda00000, 0x00000007cda00000| Untracked 
| 219|0x00000007cdb00000, 0x00000007cdb00000, 0x00000007cdc00000|  0%| F|  |TAMS 0x00000007cdb00000, 0x00000007cdb00000| Untracked 
| 220|0x00000007cdc00000, 0x00000007cdc00000, 0x00000007cdd00000|  0%| F|  |TAMS 0x00000007cdc00000, 0x00000007cdc00000| Untracked 
| 221|0x00000007cdd00000, 0x00000007cdd00000, 0x00000007cde00000|  0%| F|  |TAMS 0x00000007cdd00000, 0x00000007cdd00000| Untracked 
| 222|0x00000007cde00000, 0x00000007cde00000, 0x00000007cdf00000|  0%| F|  |TAMS 0x00000007cde00000, 0x00000007cde00000| Untracked 
| 223|0x00000007cdf00000, 0x00000007cdf00000, 0x00000007ce000000|  0%| F|  |TAMS 0x00000007cdf00000, 0x00000007cdf00000| Untracked 
| 224|0x00000007ce000000, 0x00000007ce000000, 0x00000007ce100000|  0%| F|  |TAMS 0x00000007ce000000, 0x00000007ce000000| Untracked 
| 225|0x00000007ce100000, 0x00000007ce100000, 0x00000007ce200000|  0%| F|  |TAMS 0x00000007ce100000, 0x00000007ce100000| Untracked 
| 226|0x00000007ce200000, 0x00000007ce200000, 0x00000007ce300000|  0%| F|  |TAMS 0x00000007ce200000, 0x00000007ce200000| Untracked 
| 227|0x00000007ce300000, 0x00000007ce300000, 0x00000007ce400000|  0%| F|  |TAMS 0x00000007ce300000, 0x00000007ce300000| Untracked 
| 228|0x00000007ce400000, 0x00000007ce400000, 0x00000007ce500000|  0%| F|  |TAMS 0x00000007ce400000, 0x00000007ce400000| Untracked 
| 229|0x00000007ce500000, 0x00000007ce500000, 0x00000007ce600000|  0%| F|  |TAMS 0x00000007ce500000, 0x00000007ce500000| Untracked 
| 230|0x00000007ce600000, 0x00000007ce600000, 0x00000007ce700000|  0%| F|  |TAMS 0x00000007ce600000, 0x00000007ce600000| Untracked 
| 231|0x00000007ce700000, 0x00000007ce700000, 0x00000007ce800000|  0%| F|  |TAMS 0x00000007ce700000, 0x00000007ce700000| Untracked 
| 232|0x00000007ce800000, 0x00000007ce800000, 0x00000007ce900000|  0%| F|  |TAMS 0x00000007ce800000, 0x00000007ce800000| Untracked 
| 233|0x00000007ce900000, 0x00000007ce900000, 0x00000007cea00000|  0%| F|  |TAMS 0x00000007ce900000, 0x00000007ce900000| Untracked 
| 234|0x00000007cea00000, 0x00000007cea00000, 0x00000007ceb00000|  0%| F|  |TAMS 0x00000007cea00000, 0x00000007cea00000| Untracked 
| 235|0x00000007ceb00000, 0x00000007ceb00000, 0x00000007cec00000|  0%| F|  |TAMS 0x00000007ceb00000, 0x00000007ceb00000| Untracked 
| 236|0x00000007cec00000, 0x00000007cec00000, 0x00000007ced00000|  0%| F|  |TAMS 0x00000007cec00000, 0x00000007cec00000| Untracked 
| 237|0x00000007ced00000, 0x00000007ced00000, 0x00000007cee00000|  0%| F|  |TAMS 0x00000007ced00000, 0x00000007ced00000| Untracked 
| 238|0x00000007cee00000, 0x00000007cee00000, 0x00000007cef00000|  0%| F|  |TAMS 0x00000007cee00000, 0x00000007cee00000| Untracked 
| 239|0x00000007cef00000, 0x00000007cef00000, 0x00000007cf000000|  0%| F|  |TAMS 0x00000007cef00000, 0x00000007cef00000| Untracked 
| 240|0x00000007cf000000, 0x00000007cf000000, 0x00000007cf100000|  0%| F|  |TAMS 0x00000007cf000000, 0x00000007cf000000| Untracked 
| 241|0x00000007cf100000, 0x00000007cf100000, 0x00000007cf200000|  0%| F|  |TAMS 0x00000007cf100000, 0x00000007cf100000| Untracked 
| 242|0x00000007cf200000, 0x00000007cf200000, 0x00000007cf300000|  0%| F|  |TAMS 0x00000007cf200000, 0x00000007cf200000| Untracked 
| 243|0x00000007cf300000, 0x00000007cf300000, 0x00000007cf400000|  0%| F|  |TAMS 0x00000007cf300000, 0x00000007cf300000| Untracked 
| 244|0x00000007cf400000, 0x00000007cf400000, 0x00000007cf500000|  0%| F|  |TAMS 0x00000007cf400000, 0x00000007cf400000| Untracked 
| 245|0x00000007cf500000, 0x00000007cf500000, 0x00000007cf600000|  0%| F|  |TAMS 0x00000007cf500000, 0x00000007cf500000| Untracked 
| 246|0x00000007cf600000, 0x00000007cf600000, 0x00000007cf700000|  0%| F|  |TAMS 0x00000007cf600000, 0x00000007cf600000| Untracked 
| 247|0x00000007cf700000, 0x00000007cf700000, 0x00000007cf800000|  0%| F|  |TAMS 0x00000007cf700000, 0x00000007cf700000| Untracked 
| 248|0x00000007cf800000, 0x00000007cf800000, 0x00000007cf900000|  0%| F|  |TAMS 0x00000007cf800000, 0x00000007cf800000| Untracked 
| 249|0x00000007cf900000, 0x00000007cf900000, 0x00000007cfa00000|  0%| F|  |TAMS 0x00000007cf900000, 0x00000007cf900000| Untracked 
| 250|0x00000007cfa00000, 0x00000007cfa00000, 0x00000007cfb00000|  0%| F|  |TAMS 0x00000007cfa00000, 0x00000007cfa00000| Untracked 
| 251|0x00000007cfb00000, 0x00000007cfb00000, 0x00000007cfc00000|  0%| F|  |TAMS 0x00000007cfb00000, 0x00000007cfb00000| Untracked 
| 252|0x00000007cfc00000, 0x00000007cfc00000, 0x00000007cfd00000|  0%| F|  |TAMS 0x00000007cfc00000, 0x00000007cfc00000| Untracked 
| 253|0x00000007cfd00000, 0x00000007cfd00000, 0x00000007cfe00000|  0%| F|  |TAMS 0x00000007cfd00000, 0x00000007cfd00000| Untracked 
| 254|0x00000007cfe00000, 0x00000007cfe00000, 0x00000007cff00000|  0%| F|  |TAMS 0x00000007cfe00000, 0x00000007cfe00000| Untracked 
| 255|0x00000007cff00000, 0x00000007cff00000, 0x00000007d0000000|  0%| F|  |TAMS 0x00000007cff00000, 0x00000007cff00000| Untracked 
| 256|0x00000007d0000000, 0x00000007d0000000, 0x00000007d0100000|  0%| F|  |TAMS 0x00000007d0000000, 0x00000007d0000000| Untracked 
| 257|0x00000007d0100000, 0x00000007d0100000, 0x00000007d0200000|  0%| F|  |TAMS 0x00000007d0100000, 0x00000007d0100000| Untracked 
| 258|0x00000007d0200000, 0x00000007d0280000, 0x00000007d0300000| 50%| E|  |TAMS 0x00000007d0200000, 0x00000007d0200000| Complete 
| 259|0x00000007d0300000, 0x00000007d0400000, 0x00000007d0400000|100%| E|CS|TAMS 0x00000007d0300000, 0x00000007d0300000| Complete 
| 260|0x00000007d0400000, 0x00000007d0500000, 0x00000007d0500000|100%| E|CS|TAMS 0x00000007d0400000, 0x00000007d0400000| Complete 
| 261|0x00000007d0500000, 0x00000007d0600000, 0x00000007d0600000|100%| E|CS|TAMS 0x00000007d0500000, 0x00000007d0500000| Complete 
| 262|0x00000007d0600000, 0x00000007d0700000, 0x00000007d0700000|100%| E|CS|TAMS 0x00000007d0600000, 0x00000007d0600000| Complete 
| 263|0x00000007d0700000, 0x00000007d0800000, 0x00000007d0800000|100%| E|CS|TAMS 0x00000007d0700000, 0x00000007d0700000| Complete 
| 264|0x00000007d0800000, 0x00000007d0900000, 0x00000007d0900000|100%| E|CS|TAMS 0x00000007d0800000, 0x00000007d0800000| Complete 
| 265|0x00000007d0900000, 0x00000007d0a00000, 0x00000007d0a00000|100%| E|CS|TAMS 0x00000007d0900000, 0x00000007d0900000| Complete 
| 266|0x00000007d0a00000, 0x00000007d0b00000, 0x00000007d0b00000|100%| E|CS|TAMS 0x00000007d0a00000, 0x00000007d0a00000| Complete 
| 267|0x00000007d0b00000, 0x00000007d0c00000, 0x00000007d0c00000|100%| E|CS|TAMS 0x00000007d0b00000, 0x00000007d0b00000| Complete 
|1022|0x00000007ffe00000, 0x00000007ffe78000, 0x00000007fff00000| 46%|OA|  |TAMS 0x00000007ffe78000, 0x00000007ffe00000| Untracked 
|1023|0x00000007fff00000, 0x00000007fff78000, 0x0000000800000000| 46%|CA|  |TAMS 0x00000007fff78000, 0x00000007fff00000| Untracked 

Card table byte_map: [0x000000014f0a8000,0x000000014f2a8000] _byte_map_base: 0x000000014b2a8000

Marking Bits (Prev, Next): (CMBitMap*) 0x000000014c054410, (CMBitMap*) 0x000000014c054450
 Prev Bits: [0x0000000160000000, 0x0000000161000000)
 Next Bits: [0x0000000169c94000, 0x000000016ac94000)

Polling page: 0x0000000103674000

Metaspace:

Usage:
  Non-class:      8.50 MB used.
      Class:      1.48 MB used.
       Both:      9.98 MB used.

Virtual space:
  Non-class space:       64.00 MB reserved,       8.62 MB ( 13%) committed,  1 nodes.
      Class space:        1.00 GB reserved,       1.62 MB ( <1%) committed,  1 nodes.
             Both:        1.06 GB reserved,      10.25 MB ( <1%) committed. 

Chunk freelists:
   Non-Class:  6.05 MB
       Class:  14.44 MB
        Both:  20.48 MB

MaxMetaspaceSize: unlimited
CompressedClassSpaceSize: 1.00 GB
Initial GC threshold: 21.00 MB
Current GC threshold: 21.00 MB
CDS: on
MetaspaceReclaimPolicy: balanced
 - commit_granule_bytes: 65536.
 - commit_granule_words: 8192.
 - virtual_space_node_default_size: 8388608.
 - enlarge_chunks_in_place: 1.
 - new_chunks_are_fully_committed: 0.
 - uncommit_free_chunks: 1.
 - use_allocation_guard: 0.
 - handle_deallocations: 1.


Internal statistics:

num_allocs_failed_limit: 0.
num_arena_births: 128.
num_arena_deaths: 0.
num_vsnodes_births: 2.
num_vsnodes_deaths: 0.
num_space_committed: 164.
num_space_uncommitted: 0.
num_chunks_returned_to_freelist: 0.
num_chunks_taken_from_freelist: 422.
num_chunk_merges: 0.
num_chunk_splits: 316.
num_chunks_enlarged: 262.
num_inconsistent_stats: 0.

CodeHeap 'non-profiled nmethods': size=120032Kb used=3134Kb max_used=3134Kb free=116897Kb
 bounds [0x0000000307ac8000, 0x0000000307dd8000, 0x000000030f000000]
CodeHeap 'profiled nmethods': size=120016Kb used=4499Kb max_used=7126Kb free=115516Kb
 bounds [0x0000000300000000, 0x0000000300700000, 0x0000000307534000]
CodeHeap 'non-nmethods': size=5712Kb used=1128Kb max_used=1425Kb free=4583Kb
 bounds [0x0000000307534000, 0x00000003077a4000, 0x0000000307ac8000]
 total_blobs=3502 nmethods=3083 adapters=335
 compilation: enabled
              stopped_count=0, restarted_count=0
 full_count=0

Compilation events (20 events):
Event: 10.727 Thread 0x0000000141375800 4285       4       java.util.TimSort::mergeLo (659 bytes)
Event: 10.735 Thread 0x0000000141375800 nmethod 4285 0x0000000307dd1f90 code [0x0000000307dd22c0, 0x0000000307dd3d80]
Event: 11.819 Thread 0x0000000141375800 4286       4       java.util.TimSort::minRunLength (43 bytes)
Event: 11.820 Thread 0x0000000141375800 nmethod 4286 0x0000000307dd4810 code [0x0000000307dd4980, 0x0000000307dd4a10]
Event: 11.820 Thread 0x0000000141375800 4287       4       java.util.TimSort::mergeAt (358 bytes)
Event: 11.820 Thread 0x0000000141375800 nmethod 4287 0x0000000307dd4b10 code [0x0000000307dd4d40, 0x0000000307dd51d0]
Event: 562.239 Thread 0x0000000141375800 4288       4       java.lang.ref.ReferenceQueue::reallyPoll (65 bytes)
Event: 562.243 Thread 0x0000000141375800 nmethod 4288 0x0000000307dd5510 code [0x0000000307dd56c0, 0x0000000307dd59e0]
Event: 1277.890 Thread 0x0000000141375800 4289   !   4       java.lang.ref.ReferenceQueue::remove (125 bytes)
Event: 1277.897 Thread 0x0000000141375800 nmethod 4289 0x0000000307dd5a90 code [0x0000000307dd5cc0, 0x0000000307dd66d0]
Event: 2523.080 Thread 0x0000000141375e00 4290   !   3       jdk.internal.ref.PhantomCleanable::isListEmpty (34 bytes)
Event: 2523.081 Thread 0x0000000141375e00 nmethod 4290 0x00000003004aa590 code [0x00000003004aa740, 0x00000003004aa998]
Event: 2523.081 Thread 0x0000000141375e00 4291       3       jdk.internal.misc.InnocuousThread::eraseThreadLocals (23 bytes)
Event: 2523.081 Thread 0x0000000141375e00 nmethod 4291 0x00000003002f5b10 code [0x00000003002f5cc0, 0x00000003002f5e98]
Event: 15327.172 Thread 0x0000000141375e00 4292 % !   3       org.jpype.ref.JPypeReferenceQueue$Worker::run @ 0 (120 bytes)
Event: 15327.174 Thread 0x0000000141375e00 nmethod 4292% 0x0000000300173b10 code [0x0000000300173dc0, 0x0000000300174678]
Event: 15587.229 Thread 0x0000000141375e00 4293   !   3       org.jpype.ref.JPypeReferenceQueue$Worker::run (120 bytes)
Event: 15587.230 Thread 0x0000000141375e00 nmethod 4293 0x0000000300097090 code [0x0000000300097340, 0x0000000300097b78]
Event: 25752.282 Thread 0x0000000141375800 4294 % !   4       org.jpype.ref.JPypeReferenceQueue$Worker::run @ 0 (120 bytes)
Event: 25752.292 Thread 0x0000000141375800 nmethod 4294% 0x0000000307dd6990 code [0x0000000307dd6c00, 0x0000000307dd7730]

GC Heap History (20 events):
Event: 11.847 GC heap before
{Heap before GC invocations=159 (full 10):
 garbage-first heap   total 276480K, used 242550K [0x00000007c0000000, 0x0000000800000000)
  region size 1024K, 160 young (163840K), 1 survivors (1024K)
 Metaspace       used 10214K, committed 10496K, reserved 1114112K
  class space    used 1519K, committed 1664K, reserved 1048576K
}
Event: 11.847 GC heap after
{Heap after GC invocations=160 (full 10):
 garbage-first heap   total 276480K, used 79732K [0x00000007c0000000, 0x0000000800000000)
  region size 1024K, 1 young (1024K), 1 survivors (1024K)
 Metaspace       used 10214K, committed 10496K, reserved 1114112K
  class space    used 1519K, committed 1664K, reserved 1048576K
}
Event: 11.930 GC heap before
{Heap before GC invocations=160 (full 10):
 garbage-first heap   total 276480K, used 242548K [0x00000007c0000000, 0x0000000800000000)
  region size 1024K, 160 young (163840K), 1 survivors (1024K)
 Metaspace       used 10214K, committed 10496K, reserved 1114112K
  class space    used 1519K, committed 1664K, reserved 1048576K
}
Event: 11.930 GC heap after
{Heap after GC invocations=161 (full 10):
 garbage-first heap   total 276480K, used 79738K [0x00000007c0000000, 0x0000000800000000)
  region size 1024K, 1 young (1024K), 1 survivors (1024K)
 Metaspace       used 10214K, committed 10496K, reserved 1114112K
  class space    used 1519K, committed 1664K, reserved 1048576K
}
Event: 12.012 GC heap before
{Heap before GC invocations=161 (full 10):
 garbage-first heap   total 276480K, used 242554K [0x00000007c0000000, 0x0000000800000000)
  region size 1024K, 160 young (163840K), 1 survivors (1024K)
 Metaspace       used 10214K, committed 10496K, reserved 1114112K
  class space    used 1519K, committed 1664K, reserved 1048576K
}
Event: 12.012 GC heap after
{Heap after GC invocations=162 (full 10):
 garbage-first heap   total 276480K, used 79825K [0x00000007c0000000, 0x0000000800000000)
  region size 1024K, 1 young (1024K), 1 survivors (1024K)
 Metaspace       used 10214K, committed 10496K, reserved 1114112K
  class space    used 1519K, committed 1664K, reserved 1048576K
}
Event: 12.096 GC heap before
{Heap before GC invocations=162 (full 10):
 garbage-first heap   total 276480K, used 242641K [0x00000007c0000000, 0x0000000800000000)
  region size 1024K, 160 young (163840K), 1 survivors (1024K)
 Metaspace       used 10214K, committed 10496K, reserved 1114112K
  class space    used 1519K, committed 1664K, reserved 1048576K
}
Event: 12.097 GC heap after
{Heap after GC invocations=163 (full 10):
 garbage-first heap   total 276480K, used 79740K [0x00000007c0000000, 0x0000000800000000)
  region size 1024K, 1 young (1024K), 1 survivors (1024K)
 Metaspace       used 10214K, committed 10496K, reserved 1114112K
  class space    used 1519K, committed 1664K, reserved 1048576K
}
Event: 12.181 GC heap before
{Heap before GC invocations=163 (full 10):
 garbage-first heap   total 276480K, used 242556K [0x00000007c0000000, 0x0000000800000000)
  region size 1024K, 160 young (163840K), 1 survivors (1024K)
 Metaspace       used 10214K, committed 10496K, reserved 1114112K
  class space    used 1519K, committed 1664K, reserved 1048576K
}
Event: 12.181 GC heap after
{Heap after GC invocations=164 (full 10):
 garbage-first heap   total 276480K, used 79732K [0x00000007c0000000, 0x0000000800000000)
  region size 1024K, 1 young (1024K), 1 survivors (1024K)
 Metaspace       used 10214K, committed 10496K, reserved 1114112K
  class space    used 1519K, committed 1664K, reserved 1048576K
}
Event: 12.265 GC heap before
{Heap before GC invocations=164 (full 10):
 garbage-first heap   total 276480K, used 242548K [0x00000007c0000000, 0x0000000800000000)
  region size 1024K, 160 young (163840K), 1 survivors (1024K)
 Metaspace       used 10214K, committed 10496K, reserved 1114112K
  class space    used 1519K, committed 1664K, reserved 1048576K
}
Event: 12.265 GC heap after
{Heap after GC invocations=165 (full 10):
 garbage-first heap   total 276480K, used 79738K [0x00000007c0000000, 0x0000000800000000)
  region size 1024K, 1 young (1024K), 1 survivors (1024K)
 Metaspace       used 10214K, committed 10496K, reserved 1114112K
  class space    used 1519K, committed 1664K, reserved 1048576K
}
Event: 12.351 GC heap before
{Heap before GC invocations=165 (full 10):
 garbage-first heap   total 276480K, used 242554K [0x00000007c0000000, 0x0000000800000000)
  region size 1024K, 160 young (163840K), 1 survivors (1024K)
 Metaspace       used 10214K, committed 10496K, reserved 1114112K
  class space    used 1519K, committed 1664K, reserved 1048576K
}
Event: 12.351 GC heap after
{Heap after GC invocations=166 (full 10):
 garbage-first heap   total 276480K, used 79736K [0x00000007c0000000, 0x0000000800000000)
  region size 1024K, 1 young (1024K), 1 survivors (1024K)
 Metaspace       used 10214K, committed 10496K, reserved 1114112K
  class space    used 1519K, committed 1664K, reserved 1048576K
}
Event: 12.434 GC heap before
{Heap before GC invocations=166 (full 10):
 garbage-first heap   total 276480K, used 242552K [0x00000007c0000000, 0x0000000800000000)
  region size 1024K, 160 young (163840K), 1 survivors (1024K)
 Metaspace       used 10214K, committed 10496K, reserved 1114112K
  class space    used 1519K, committed 1664K, reserved 1048576K
}
Event: 12.434 GC heap after
{Heap after GC invocations=167 (full 10):
 garbage-first heap   total 276480K, used 79736K [0x00000007c0000000, 0x0000000800000000)
  region size 1024K, 1 young (1024K), 1 survivors (1024K)
 Metaspace       used 10214K, committed 10496K, reserved 1114112K
  class space    used 1519K, committed 1664K, reserved 1048576K
}
Event: 12.516 GC heap before
{Heap before GC invocations=167 (full 10):
 garbage-first heap   total 276480K, used 242552K [0x00000007c0000000, 0x0000000800000000)
  region size 1024K, 160 young (163840K), 1 survivors (1024K)
 Metaspace       used 10214K, committed 10496K, reserved 1114112K
  class space    used 1519K, committed 1664K, reserved 1048576K
}
Event: 12.517 GC heap after
{Heap after GC invocations=168 (full 10):
 garbage-first heap   total 276480K, used 79754K [0x00000007c0000000, 0x0000000800000000)
  region size 1024K, 1 young (1024K), 1 survivors (1024K)
 Metaspace       used 10214K, committed 10496K, reserved 1114112K
  class space    used 1519K, committed 1664K, reserved 1048576K
}
Event: 12.600 GC heap before
{Heap before GC invocations=168 (full 10):
 garbage-first heap   total 276480K, used 242570K [0x00000007c0000000, 0x0000000800000000)
  region size 1024K, 160 young (163840K), 1 survivors (1024K)
 Metaspace       used 10214K, committed 10496K, reserved 1114112K
  class space    used 1519K, committed 1664K, reserved 1048576K
}
Event: 12.600 GC heap after
{Heap after GC invocations=169 (full 10):
 garbage-first heap   total 276480K, used 79798K [0x00000007c0000000, 0x0000000800000000)
  region size 1024K, 1 young (1024K), 1 survivors (1024K)
 Metaspace       used 10214K, committed 10496K, reserved 1114112K
  class space    used 1519K, committed 1664K, reserved 1048576K
}

Dll operation events (6 events):
Event: 0.011 Loaded shared library /opt/homebrew/Caskroom/miniforge/base/envs/nlp_env/lib/jvm/lib/libjava.dylib
Event: 0.038 Loaded shared library /opt/homebrew/Caskroom/miniforge/base/envs/nlp_env/lib/jvm/lib/libnio.dylib
Event: 0.044 Loaded shared library /opt/homebrew/Caskroom/miniforge/base/envs/nlp_env/lib/jvm/lib/libzip.dylib
Event: 0.061 Loaded shared library /opt/homebrew/Caskroom/miniforge/base/envs/nlp_env/lib/python3.12/site-packages/_jpype.so
Event: 0.072 Loaded shared library /opt/homebrew/Caskroom/miniforge/base/envs/nlp_env/lib/jvm/lib/libjimage.dylib
Event: 0.342 Loaded shared library /opt/homebrew/Caskroom/miniforge/base/envs/nlp_env/lib/jvm/lib/libverify.dylib

Deoptimization events (20 events):
Event: 3.141 Thread 0x000000014b8ab000 Uncommon trap: trap_request=0xffffffde fr.pc=0x0000000307ce39a0 relative=0x0000000000004060
Event: 3.141 Thread 0x000000014b8ab000 Uncommon trap: reason=class_check action=maybe_recompile pc=0x0000000307ce39a0 method=org.openkoreantext.processor.tokenizer.KoreanTokenizer$.$anonfun$findTopCandidates$2(Lorg/openkoreantext/processor/tokenizer/KoreanTokenizer$;Lorg/openkoreantext/process
Event: 3.141 Thread 0x000000014b8ab000 DEOPT PACKING pc=0x0000000307ce39a0 sp=0x000000016ef98d20
Event: 3.141 Thread 0x000000014b8ab000 DEOPT UNPACKING pc=0x000000030757b91c sp=0x000000016ef98ba0 mode 2
Event: 3.785 Thread 0x000000014b8ab000 Uncommon trap: trap_request=0xffffff45 fr.pc=0x0000000307da88d4 relative=0x00000000000025d4
Event: 3.785 Thread 0x000000014b8ab000 Uncommon trap: reason=unstable_if action=reinterpret pc=0x0000000307da88d4 method=org.openkoreantext.processor.tokenizer.KoreanTokenizer$.$anonfun$findTopCandidates$8(Lorg/openkoreantext/processor/tokenizer/KoreanTokenizer$KoreanToken;Lorg/openkoreantext/
Event: 3.785 Thread 0x000000014b8ab000 DEOPT PACKING pc=0x0000000307da88d4 sp=0x000000016ef98ba0
Event: 3.785 Thread 0x000000014b8ab000 DEOPT UNPACKING pc=0x000000030757b91c sp=0x000000016ef98ab0 mode 2
Event: 4.614 Thread 0x000000014b8ab000 Uncommon trap: trap_request=0xffffff45 fr.pc=0x0000000307d7fc40 relative=0x0000000000002700
Event: 4.614 Thread 0x000000014b8ab000 Uncommon trap: reason=unstable_if action=reinterpret pc=0x0000000307d7fc40 method=org.openkoreantext.processor.util.KoreanSubstantive$.isName(Ljava/lang/CharSequence;)Z @ 49 c2
Event: 4.614 Thread 0x000000014b8ab000 DEOPT PACKING pc=0x0000000307d7fc40 sp=0x000000016ef98ac0
Event: 4.614 Thread 0x000000014b8ab000 DEOPT UNPACKING pc=0x000000030757b91c sp=0x000000016ef98910 mode 2
Event: 5.196 Thread 0x000000014b8ab000 Uncommon trap: trap_request=0xffffff45 fr.pc=0x0000000307d85b64 relative=0x0000000000002764
Event: 5.196 Thread 0x000000014b8ab000 Uncommon trap: reason=unstable_if action=reinterpret pc=0x0000000307d85b64 method=org.openkoreantext.processor.util.KoreanSubstantive$.isName(Ljava/lang/CharSequence;)Z @ 49 c2
Event: 5.196 Thread 0x000000014b8ab000 DEOPT PACKING pc=0x0000000307d85b64 sp=0x000000016ef98a50
Event: 5.196 Thread 0x000000014b8ab000 DEOPT UNPACKING pc=0x000000030757b91c sp=0x000000016ef989f0 mode 2
Event: 8.288 Thread 0x000000014b8ab000 Uncommon trap: trap_request=0xffffffc6 fr.pc=0x0000000307d04fec relative=0x00000000000006ac
Event: 8.288 Thread 0x000000014b8ab000 Uncommon trap: reason=bimorphic_or_optimized_type_check action=maybe_recompile pc=0x0000000307d04fec method=scala.collection.immutable.HashMap$HashTrieMap.get0(Ljava/lang/Object;II)Lscala/Option; @ 28 c2
Event: 8.288 Thread 0x000000014b8ab000 DEOPT PACKING pc=0x0000000307d04fec sp=0x000000016ef98ef0
Event: 8.288 Thread 0x000000014b8ab000 DEOPT UNPACKING pc=0x000000030757b91c sp=0x000000016ef98e50 mode 2

Classes loaded (20 events):
Event: 0.776 Loading class java/util/zip/GZIPInputStream$1
Event: 0.776 Loading class java/util/zip/GZIPInputStream$1 done
Event: 0.776 Loading class java/util/Vector
Event: 0.776 Loading class java/util/Vector done
Event: 0.776 Loading class java/util/Vector$1
Event: 0.776 Loading class java/util/Vector$1 done
Event: 1.072 Loading class java/lang/SafeVarargs
Event: 1.072 Loading class java/lang/SafeVarargs done
Event: 1.073 Loading class java/util/AbstractList$Itr
Event: 1.074 Loading class java/util/AbstractList$Itr done
Event: 1.074 Loading class java/util/AbstractList$ListItr
Event: 1.074 Loading class java/util/AbstractList$ListItr done
Event: 1.074 Loading class java/util/AbstractList$RandomAccessSubList
Event: 1.074 Loading class java/util/AbstractList$SubList
Event: 1.074 Loading class java/util/AbstractList$SubList done
Event: 1.074 Loading class java/util/AbstractList$RandomAccessSubList done
Event: 1.074 Loading class java/util/ArrayList$ListItr
Event: 1.074 Loading class java/util/ArrayList$ListItr done
Event: 26557.631 Loading class jdk/internal/misc/Signal$1
Event: 26557.636 Loading class jdk/internal/misc/Signal$1 done

Classes unloaded (0 events):
No events

Classes redefined (0 events):
No events

Internal exceptions (20 events):
Event: 0.278 Thread 0x000000014b8ab000 Exception <a 'java/lang/NoSuchMethodError'{0x00000007c11e3300}: 'java.lang.Object java.lang.invoke.Invokers$Holder.invokeExact_MT(java.lang.Object, java.lang.Object, java.lang.Object, java.lang.Object, java.lang.Object, java.lang.Object)'> (0x00000007c11e3300) 
thrown [src/hotspot/share/interpreter/linkResolver.cpp, line 759]
Event: 0.325 Thread 0x000000014b8ab000 Exception <a 'java/lang/NoSuchMethodError'{0x00000007d08d32c8}: 'java.lang.Object java.lang.invoke.DirectMethodHandle$Holder.invokeStaticInit(java.lang.Object, java.lang.Object, java.lang.Object)'> (0x00000007d08d32c8) 
thrown [src/hotspot/share/interpreter/linkResolver.cpp, line 759]
Event: 0.350 Thread 0x000000014b8ab000 Exception <a 'java/lang/NoSuchMethodError'{0x00000007c1eae208}: 'int java.lang.invoke.DirectMethodHandle$Holder.invokeStatic(java.lang.Object, java.lang.Object, int)'> (0x00000007c1eae208) 
thrown [src/hotspot/share/interpreter/linkResolver.cpp, line 759]
Event: 0.356 Thread 0x000000014b8ab000 Exception <a 'java/lang/NoSuchMethodError'{0x00000007c1d7fdb8}: 'java.lang.Object java.lang.invoke.DirectMethodHandle$Holder.newInvokeSpecial(java.lang.Object, java.lang.Object, java.lang.Object, java.lang.Object, java.lang.Object)'> (0x00000007c1d7fdb8) 
thrown [src/hotspot/share/interpreter/linkResolver.cpp, line 759]
Event: 0.358 Thread 0x000000014b8ab000 Exception <a 'java/lang/NoSuchMethodError'{0x00000007c1dc8550}: 'java.lang.Object java.lang.invoke.DirectMethodHandle$Holder.invokeStatic(java.lang.Object, java.lang.Object, int, java.lang.Object, java.lang.Object)'> (0x00000007c1dc8550) 
thrown [src/hotspot/share/interpreter/linkResolver.cpp, line 759]
Event: 0.359 Thread 0x000000014b8ab000 Exception <a 'java/lang/NoSuchMethodError'{0x00000007c1dd2b80}: 'java.lang.Object java.lang.invoke.DirectMethodHandle$Holder.newInvokeSpecial(java.lang.Object, java.lang.Object, int, java.lang.Object)'> (0x00000007c1dd2b80) 
thrown [src/hotspot/share/interpreter/linkResolver.cpp, line 759]
Event: 0.359 Thread 0x000000014b8ab000 Exception <a 'java/lang/NoSuchMethodError'{0x00000007c1dd69f8}: 'java.lang.Object java.lang.invoke.DirectMethodHandle$Holder.invokeSpecial(java.lang.Object, java.lang.Object, java.lang.Object, int, java.lang.Object)'> (0x00000007c1dd69f8) 
thrown [src/hotspot/share/interpreter/linkResolver.cpp, line 759]
Event: 0.365 Thread 0x000000014b8ab000 Exception <a 'java/lang/NoSuchMethodError'{0x00000007c1c97490}: 'java.lang.Object java.lang.invoke.DirectMethodHandle$Holder.invokeStaticInit(java.lang.Object, java.lang.Object, java.lang.Object, java.lang.Object)'> (0x00000007c1c97490) 
thrown [src/hotspot/share/interpreter/linkResolver.cpp, line 759]
Event: 0.367 Thread 0x000000014b8ab000 Exception <a 'java/lang/NoSuchMethodError'{0x00000007c1b0e2a8}: 'void java.lang.invoke.DirectMethodHandle$Holder.invokeStatic(java.lang.Object, java.lang.Object)'> (0x00000007c1b0e2a8) 
thrown [src/hotspot/share/interpreter/linkResolver.cpp, line 759]
Event: 0.435 Thread 0x000000014b8ab000 Exception <a 'java/lang/NoSuchMethodError'{0x00000007c1ce8b80}: 'java.lang.Object java.lang.invoke.DirectMethodHandle$Holder.invokeStatic(java.lang.Object, java.lang.Object, int, java.lang.Object)'> (0x00000007c1ce8b80) 
thrown [src/hotspot/share/interpreter/linkResolver.cpp, line 759]
Event: 0.435 Thread 0x000000014b8ab000 Exception <a 'java/lang/NoSuchMethodError'{0x00000007c1cf14d0}: 'java.lang.Object java.lang.invoke.DirectMethodHandle$Holder.newInvokeSpecial(java.lang.Object, java.lang.Object, int)'> (0x00000007c1cf14d0) 
thrown [src/hotspot/share/interpreter/linkResolver.cpp, line 759]
Event: 0.439 Thread 0x000000014b8ab000 Exception <a 'java/lang/NoSuchMethodError'{0x00000007d0f17bc8}: 'java.lang.Object java.lang.invoke.DirectMethodHandle$Holder.invokeStatic(java.lang.Object, int, java.lang.Object)'> (0x00000007d0f17bc8) 
thrown [src/hotspot/share/interpreter/linkResolver.cpp, line 759]
Event: 0.715 Thread 0x000000014b8ab000 Exception <a 'java/lang/NoSuchMethodError'{0x00000007c54ea868}: 'java.lang.Object java.lang.invoke.DirectMethodHandle$Holder.newInvokeSpecial(java.lang.Object, java.lang.Object, java.lang.Object, java.lang.Object, java.lang.Object, int)'> (0x00000007c54ea868) 
thrown [src/hotspot/share/interpreter/linkResolver.cpp, line 759]
Event: 0.715 Thread 0x000000014b8ab000 Exception <a 'java/lang/NoSuchMethodError'{0x00000007c54eeed0}: 'java.lang.Object java.lang.invoke.DirectMethodHandle$Holder.invokeSpecial(java.lang.Object, java.lang.Object, java.lang.Object, java.lang.Object, java.lang.Object, java.lang.Object, int)'> (0x00000007c54eeed0) 
thrown [src/hotspot/share/interpreter/linkResolver.cpp, line 759]
Event: 0.723 Thread 0x000000014b8ab000 Exception <a 'java/lang/NoSuchMethodError'{0x00000007c53a8140}: 'java.lang.Object java.lang.invoke.DirectMethodHandle$Holder.newInvokeSpecial(java.lang.Object, java.lang.Object, java.lang.Object, java.lang.Object, int, java.lang.Object)'> (0x00000007c53a8140) 
thrown [src/hotspot/share/interpreter/linkResolver.cpp, line 759]
Event: 0.723 Thread 0x000000014b8ab000 Exception <a 'java/lang/NoSuchMethodError'{0x00000007c53ac418}: 'java.lang.Object java.lang.invoke.DirectMethodHandle$Holder.invokeSpecial(java.lang.Object, java.lang.Object, java.lang.Object, java.lang.Object, java.lang.Object, int, java.lang.Object)'> (0x00000007c53ac418) 
thrown [src/hotspot/share/interpreter/linkResolver.cpp, line 759]
Event: 0.727 Thread 0x000000014b8ab000 Exception <a 'java/lang/NoSuchMethodError'{0x00000007c53ee7e8}: 'java.lang.Object java.lang.invoke.DirectMethodHandle$Holder.invokeStaticInit(java.lang.Object, java.lang.Object, java.lang.Object, java.lang.Object, java.lang.Object)'> (0x00000007c53ee7e8) 
thrown [src/hotspot/share/interpreter/linkResolver.cpp, line 759]
Event: 0.727 Thread 0x000000014b8ab000 Exception <a 'java/lang/NoSuchMethodError'{0x00000007c53f5bb8}: 'java.lang.Object java.lang.invoke.Invokers$Holder.invoke_MT(java.lang.Object, java.lang.Object, java.lang.Object, java.lang.Object, java.lang.Object, java.lang.Object)'> (0x00000007c53f5bb8) 
thrown [src/hotspot/share/interpreter/linkResolver.cpp, line 759]
Event: 0.728 Thread 0x000000014b8ab000 Exception <a 'java/lang/NoSuchMethodError'{0x00000007c53fe968}: 'java.lang.Object java.lang.invoke.Invokers$Holder.invoker(java.lang.Object, java.lang.Object, java.lang.Object)'> (0x00000007c53fe968) 
thrown [src/hotspot/share/interpreter/linkResolver.cpp, line 759]
Event: 0.728 Thread 0x000000014b8ab000 Exception <a 'java/lang/NoSuchMethodError'{0x00000007c5207ba0}: 'java.lang.Object java.lang.invoke.Invokers$Holder.invokeExact_MT(java.lang.Object, java.lang.Object, java.lang.Object, java.lang.Object)'> (0x00000007c5207ba0) 
thrown [src/hotspot/share/interpreter/linkResolver.cpp, line 759]

VM Operations (20 events):
Event: 11.930 Executing VM operation: G1CollectForAllocation
Event: 11.930 Executing VM operation: G1CollectForAllocation done
Event: 12.012 Executing VM operation: G1CollectForAllocation
Event: 12.012 Executing VM operation: G1CollectForAllocation done
Event: 12.096 Executing VM operation: G1CollectForAllocation
Event: 12.097 Executing VM operation: G1CollectForAllocation done
Event: 12.181 Executing VM operation: G1CollectForAllocation
Event: 12.181 Executing VM operation: G1CollectForAllocation done
Event: 12.265 Executing VM operation: G1CollectForAllocation
Event: 12.265 Executing VM operation: G1CollectForAllocation done
Event: 12.351 Executing VM operation: G1CollectForAllocation
Event: 12.351 Executing VM operation: G1CollectForAllocation done
Event: 12.434 Executing VM operation: G1CollectForAllocation
Event: 12.434 Executing VM operation: G1CollectForAllocation done
Event: 12.516 Executing VM operation: G1CollectForAllocation
Event: 12.517 Executing VM operation: G1CollectForAllocation done
Event: 12.600 Executing VM operation: G1CollectForAllocation
Event: 12.600 Executing VM operation: G1CollectForAllocation done
Event: 60.178 Executing VM operation: HandshakeAllThreads
Event: 60.178 Executing VM operation: HandshakeAllThreads done

Memory protections (14 events):
Event: 0.007 Protecting memory [0x000000016df9c000,0x000000016dfa8000] with protection modes 0
Event: 0.027 Protecting memory [0x000000017c004000,0x000000017c010000] with protection modes 0
Event: 0.027 Protecting memory [0x000000017c210000,0x000000017c21c000] with protection modes 0
Event: 0.031 Protecting memory [0x000000017e5ec000,0x000000017e5f8000] with protection modes 0
Event: 0.031 Protecting memory [0x000000017e7f8000,0x000000017e804000] with protection modes 0
Event: 0.031 Protecting memory [0x000000017ea04000,0x000000017ea10000] with protection modes 0
Event: 0.031 Protecting memory [0x000000017ec10000,0x000000017ec1c000] with protection modes 0
Event: 0.031 Protecting memory [0x000000017ee1c000,0x000000017ee28000] with protection modes 0
Event: 0.031 Protecting memory [0x000000017f028000,0x000000017f034000] with protection modes 0
Event: 0.032 Protecting memory [0x000000017f234000,0x000000017f240000] with protection modes 0
Event: 0.033 Protecting memory [0x000000017f64c000,0x000000017f658000] with protection modes 0
Event: 0.067 Protecting memory [0x00000001036fc000,0x0000000103700000] with protection modes 1
Event: 0.070 Protecting memory [0x000000017f858000,0x000000017f864000] with protection modes 0
Event: 26557.639 Protecting memory [0x000000031127c000,0x0000000311288000] with protection modes 0

Nmethod flushes (20 events):
Event: 2.035 Thread 0x0000000141376400 flushing  nmethod 0x000000030065f410
Event: 2.035 Thread 0x0000000141376400 flushing  nmethod 0x000000030065fe90
Event: 2.035 Thread 0x0000000141376400 flushing  nmethod 0x0000000300660a10
Event: 2.035 Thread 0x0000000141376400 flushing  nmethod 0x0000000300660f90
Event: 2.035 Thread 0x0000000141376400 flushing  nmethod 0x0000000300662290
Event: 2.035 Thread 0x0000000141376400 flushing  nmethod 0x0000000300666710
Event: 2.035 Thread 0x0000000141376400 flushing  nmethod 0x0000000300667810
Event: 2.035 Thread 0x0000000141376400 flushing  nmethod 0x0000000300668990
Event: 2.035 Thread 0x0000000141376400 flushing  nmethod 0x0000000300669a90
Event: 2.035 Thread 0x0000000141376400 flushing  nmethod 0x0000000300669e90
Event: 2.035 Thread 0x0000000141376400 flushing  nmethod 0x000000030066a710
Event: 2.035 Thread 0x0000000141376400 flushing  nmethod 0x000000030066c110
Event: 2.035 Thread 0x0000000141376400 flushing  nmethod 0x0000000300670c90
Event: 2.035 Thread 0x0000000141376400 flushing  nmethod 0x0000000300671a10
Event: 2.035 Thread 0x0000000141376400 flushing  nmethod 0x0000000300679210
Event: 2.035 Thread 0x0000000141376400 flushing  nmethod 0x0000000300679f90
Event: 2.035 Thread 0x0000000141376400 flushing  nmethod 0x000000030067a890
Event: 2.035 Thread 0x0000000141376400 flushing  nmethod 0x0000000300694a10
Event: 2.035 Thread 0x0000000141376400 flushing  nmethod 0x0000000300695290
Event: 2.035 Thread 0x0000000141376400 flushing  nmethod 0x00000003006d5310

Events (13 events):
Event: 0.026 Thread 0x000000014b8ab000 Thread added: 0x000000014b8ab000
Event: 0.027 Thread 0x000000014b8ab000 Thread added: 0x000000014b8f9c00
Event: 0.027 Thread 0x000000014b8ab000 Thread added: 0x000000014b8fc400
Event: 0.030 Thread 0x000000014b8ab000 Thread added: 0x000000014135fe00
Event: 0.031 Thread 0x000000014b8ab000 Thread added: 0x000000014136ba00
Event: 0.031 Thread 0x000000014b8ab000 Thread added: 0x000000014136c000
Event: 0.031 Thread 0x000000014b8ab000 Thread added: 0x0000000141375800
Event: 0.031 Thread 0x000000014b8ab000 Thread added: 0x0000000141375e00
Event: 0.031 Thread 0x000000014b8ab000 Thread added: 0x0000000141376400
Event: 0.032 Thread 0x000000014b8ab000 Thread added: 0x0000000141376a00
Event: 0.033 Thread 0x000000014b8ab000 Thread added: 0x000000014b8fa200
Event: 0.070 Thread 0x000000014b8ab000 Thread added: 0x000000010215bc00
Event: 26557.639 Thread 0x000000014135fe00 Thread added: 0x000000010700bc00


Dynamic libraries:
0x00000001950d4000 	/usr/lib/libSystem.B.dylib
0x00000001950ce000 	/usr/lib/system/libcache.dylib
0x0000000195089000 	/usr/lib/system/libcommonCrypto.dylib
0x00000001950b4000 	/usr/lib/system/libcompiler_rt.dylib
0x00000001950a9000 	/usr/lib/system/libcopyfile.dylib
0x0000000184fc9000 	/usr/lib/system/libcorecrypto.dylib
0x00000001850c9000 	/usr/lib/system/libdispatch.dylib
0x0000000184e73000 	/usr/lib/system/libdyld.dylib
0x00000001950c4000 	/usr/lib/system/libkeymgr.dylib
0x000000019506c000 	/usr/lib/system/libmacho.dylib
0x0000000194303000 	/usr/lib/system/libquarantine.dylib
0x00000001950c1000 	/usr/lib/system/libremovefile.dylib
0x000000018ba31000 	/usr/lib/system/libsystem_asl.dylib
0x0000000184f4f000 	/usr/lib/system/libsystem_blocks.dylib
0x0000000185114000 	/usr/lib/system/libsystem_c.dylib
0x00000001950b8000 	/usr/lib/system/libsystem_collections.dylib
0x0000000192ca4000 	/usr/lib/system/libsystem_configuration.dylib
0x0000000191893000 	/usr/lib/system/libsystem_containermanager.dylib
0x0000000194aa2000 	/usr/lib/system/libsystem_coreservices.dylib
0x000000018925c000 	/usr/lib/system/libsystem_darwin.dylib
0x0000000289fad000 	/usr/lib/system/libsystem_darwindirectory.dylib
0x00000001950c5000 	/usr/lib/system/libsystem_dnssd.dylib
0x0000000289fb1000 	/usr/lib/system/libsystem_eligibility.dylib
0x0000000185111000 	/usr/lib/system/libsystem_featureflags.dylib
0x0000000185295000 	/usr/lib/system/libsystem_info.dylib
0x000000019502d000 	/usr/lib/system/libsystem_m.dylib
0x0000000185078000 	/usr/lib/system/libsystem_malloc.dylib
0x000000018b994000 	/usr/lib/system/libsystem_networkextension.dylib
0x00000001896c7000 	/usr/lib/system/libsystem_notify.dylib
0x0000000192ca9000 	/usr/lib/system/libsystem_sandbox.dylib
0x0000000289fbb000 	/usr/lib/system/libsystem_sanitizers.dylib
0x00000001950bd000 	/usr/lib/system/libsystem_secinit.dylib
0x0000000185241000 	/usr/lib/system/libsystem_kernel.dylib
0x000000018528c000 	/usr/lib/system/libsystem_platform.dylib
0x000000018527f000 	/usr/lib/system/libsystem_pthread.dylib
0x000000018d5ef000 	/usr/lib/system/libsystem_symptoms.dylib
0x0000000184fa8000 	/usr/lib/system/libsystem_trace.dylib
0x0000000289fc3000 	/usr/lib/system/libsystem_trial.dylib
0x0000000195097000 	/usr/lib/system/libunwind.dylib
0x0000000184f53000 	/usr/lib/system/libxpc.dylib
0x0000000184e20000 	/usr/lib/libobjc.A.dylib
0x0000000185226000 	/usr/lib/libc++abi.dylib
0x0000000288390000 	/usr/lib/libRosetta.dylib
0x0000000185195000 	/usr/lib/libc++.1.dylib
0x0000000101538000 	/opt/homebrew/Caskroom/miniforge/base/envs/nlp_env/lib/python3.12/lib-dynload/math.cpython-312-darwin.so
0x0000000101550000 	/opt/homebrew/Caskroom/miniforge/base/envs/nlp_env/lib/python3.12/lib-dynload/_json.cpython-312-darwin.so
0x0000000101564000 	/opt/homebrew/Caskroom/miniforge/base/envs/nlp_env/lib/python3.12/lib-dynload/fcntl.cpython-312-darwin.so
0x0000000101574000 	/opt/homebrew/Caskroom/miniforge/base/envs/nlp_env/lib/python3.12/lib-dynload/_posixsubprocess.cpython-312-darwin.so
0x0000000101584000 	/opt/homebrew/Caskroom/miniforge/base/envs/nlp_env/lib/python3.12/lib-dynload/select.cpython-312-darwin.so
0x0000000101598000 	/opt/homebrew/Caskroom/miniforge/base/envs/nlp_env/lib/python3.12/site-packages/zmq/backend/cython/_zmq.abi3.so
0x0000000101d00000 	/opt/homebrew/Caskroom/miniforge/base/envs/nlp_env/lib/python3.12/site-packages/zmq/.dylibs/libzmq.5.dylib
0x0000000101740000 	/opt/homebrew/Caskroom/miniforge/base/envs/nlp_env/lib/python3.12/site-packages/zmq/.dylibs/libsodium.26.dylib
0x00000001015d0000 	/opt/homebrew/Caskroom/miniforge/base/envs/nlp_env/lib/python3.12/lib-dynload/_opcode.cpython-312-darwin.so
0x00000001017a8000 	/opt/homebrew/Caskroom/miniforge/base/envs/nlp_env/lib/python3.12/lib-dynload/_struct.cpython-312-darwin.so
0x0000000101fa0000 	/opt/homebrew/Caskroom/miniforge/base/envs/nlp_env/lib/python3.12/lib-dynload/_pickle.cpython-312-darwin.so
0x00000001017bc000 	/opt/homebrew/Caskroom/miniforge/base/envs/nlp_env/lib/python3.12/lib-dynload/_bisect.cpython-312-darwin.so
0x00000001017cc000 	/opt/homebrew/Caskroom/miniforge/base/envs/nlp_env/lib/python3.12/lib-dynload/_random.cpython-312-darwin.so
0x00000001017dc000 	/opt/homebrew/Caskroom/miniforge/base/envs/nlp_env/lib/python3.12/lib-dynload/_sha2.cpython-312-darwin.so
0x00000001017f0000 	/opt/homebrew/Caskroom/miniforge/base/envs/nlp_env/lib/python3.12/lib-dynload/_heapq.cpython-312-darwin.so
0x0000000103100000 	/opt/homebrew/Caskroom/miniforge/base/envs/nlp_env/lib/python3.12/lib-dynload/_socket.cpython-312-darwin.so
0x0000000101fc8000 	/opt/homebrew/Caskroom/miniforge/base/envs/nlp_env/lib/python3.12/lib-dynload/array.cpython-312-darwin.so
0x0000000103154000 	/opt/homebrew/Caskroom/miniforge/base/envs/nlp_env/lib/python3.12/lib-dynload/_ssl.cpython-312-darwin.so
0x0000000103274000 	/opt/homebrew/Caskroom/miniforge/base/envs/nlp_env/lib/libssl.3.dylib
0x0000000103830000 	/opt/homebrew/Caskroom/miniforge/base/envs/nlp_env/lib/libcrypto.3.dylib
0x0000000101fe0000 	/opt/homebrew/Caskroom/miniforge/base/envs/nlp_env/lib/python3.12/lib-dynload/binascii.cpython-312-darwin.so
0x0000000103188000 	/opt/homebrew/Caskroom/miniforge/base/envs/nlp_env/lib/libz.1.3.2.dylib
0x0000000103120000 	/opt/homebrew/Caskroom/miniforge/base/envs/nlp_env/lib/python3.12/lib-dynload/_contextvars.cpython-312-darwin.so
0x00000001031a8000 	/opt/homebrew/Caskroom/miniforge/base/envs/nlp_env/lib/python3.12/lib-dynload/_asyncio.cpython-312-darwin.so
0x0000000103130000 	/opt/homebrew/Caskroom/miniforge/base/envs/nlp_env/lib/python3.12/lib-dynload/_queue.cpython-312-darwin.so
0x0000000103140000 	/opt/homebrew/Caskroom/miniforge/base/envs/nlp_env/lib/python3.12/lib-dynload/_hashlib.cpython-312-darwin.so
0x00000001031c4000 	/opt/homebrew/Caskroom/miniforge/base/envs/nlp_env/lib/python3.12/lib-dynload/_blake2.cpython-312-darwin.so
0x00000001031fc000 	/opt/homebrew/Caskroom/miniforge/base/envs/nlp_env/lib/python3.12/lib-dynload/_datetime.cpython-312-darwin.so
0x00000001031d8000 	/opt/homebrew/Caskroom/miniforge/base/envs/nlp_env/lib/python3.12/lib-dynload/zlib.cpython-312-darwin.so
0x00000001031ec000 	/opt/homebrew/Caskroom/miniforge/base/envs/nlp_env/lib/python3.12/site-packages/tornado/speedups.abi3.so
0x0000000103248000 	/opt/homebrew/Caskroom/miniforge/base/envs/nlp_env/lib/python3.12/lib-dynload/_curses.cpython-312-darwin.so
0x000000010369c000 	/opt/homebrew/Caskroom/miniforge/base/envs/nlp_env/lib/libncursesw.6.dylib
0x0000000103d04000 	/opt/homebrew/Caskroom/miniforge/base/envs/nlp_env/lib/libtinfow.6.dylib
0x0000000103e90000 	/opt/homebrew/Caskroom/miniforge/base/envs/nlp_env/lib/python3.12/lib-dynload/_decimal.cpython-312-darwin.so
0x0000000103220000 	/opt/homebrew/Caskroom/miniforge/base/envs/nlp_env/lib/python3.12/lib-dynload/termios.cpython-312-darwin.so
0x0000000103230000 	/opt/homebrew/Caskroom/miniforge/base/envs/nlp_env/lib/python3.12/lib-dynload/_bz2.cpython-312-darwin.so
0x000000010367c000 	/opt/homebrew/Caskroom/miniforge/base/envs/nlp_env/lib/libbz2.1.0.8.dylib
0x0000000103660000 	/opt/homebrew/Caskroom/miniforge/base/envs/nlp_env/lib/python3.12/lib-dynload/_lzma.cpython-312-darwin.so
0x0000000103ee0000 	/opt/homebrew/Caskroom/miniforge/base/envs/nlp_env/lib/liblzma.5.dylib
0x00000001036d8000 	/opt/homebrew/Caskroom/miniforge/base/envs/nlp_env/lib/python3.12/lib-dynload/_uuid.cpython-312-darwin.so
0x00000001036e8000 	/opt/homebrew/Caskroom/miniforge/base/envs/nlp_env/lib/python3.12/lib-dynload/_csv.cpython-312-darwin.so
0x0000000103e40000 	/opt/homebrew/Caskroom/miniforge/base/envs/nlp_env/lib/python3.12/lib-dynload/_sqlite3.cpython-312-darwin.so
0x00000001048b0000 	/opt/homebrew/Caskroom/miniforge/base/envs/nlp_env/lib/libsqlite3.3.53.3.dylib
0x0000000104d80000 	/opt/homebrew/Caskroom/miniforge/base/envs/nlp_env/lib/python3.12/lib-dynload/unicodedata.cpython-312-darwin.so
0x0000000103e64000 	/opt/homebrew/Caskroom/miniforge/base/envs/nlp_env/lib/python3.12/lib-dynload/pyexpat.cpython-312-darwin.so
0x0000000104414000 	/opt/homebrew/Caskroom/miniforge/base/envs/nlp_env/lib/libexpat.1.12.1.dylib
0x0000000103800000 	/opt/homebrew/Caskroom/miniforge/base/envs/nlp_env/lib/python3.12/lib-dynload/_scproxy.cpython-312-darwin.so
0x00000001852c5000 	/System/Library/Frameworks/CoreFoundation.framework/Versions/A/CoreFoundation
0x0000000198944000 	/usr/lib/swift/libswiftCore.dylib
0x0000000186b32000 	/System/Library/Frameworks/Foundation.framework/Versions/C/Foundation
0x00000001a24e5000 	/usr/lib/swift/libswiftObjectiveC.dylib
0x0000000289816000 	/usr/lib/libswiftPrespecialized.dylib
0x00000001867a1000 	/System/Library/Frameworks/SystemConfiguration.framework/Versions/A/SystemConfiguration
0x000000019501e000 	/usr/lib/libz.1.dylib
0x000000018fb11000 	/System/Library/PrivateFrameworks/CoreAutoLayout.framework/Versions/A/CoreAutoLayout
0x00000001950d6000 	/usr/lib/libfakelink.dylib
0x00000001952fc000 	/usr/lib/libcompression.dylib
0x000000018b5de000 	/System/Library/Frameworks/CFNetwork.framework/Versions/A/CFNetwork
0x000000018ef41000 	/System/Library/Frameworks/DiskArbitration.framework/Versions/A/DiskArbitration
0x0000000195129000 	/usr/lib/libarchive.2.dylib
0x000000018ee46000 	/usr/lib/libDiagnosticMessagesClient.dylib
0x0000000188f86000 	/usr/lib/libicucore.A.dylib
0x000000018fb5a000 	/usr/lib/libxml2.2.dylib
0x000000019d7a1000 	/System/Library/Frameworks/CoreServices.framework/Versions/A/CoreServices
0x0000000192cb7000 	/usr/lib/liblangid.dylib
0x00000001895de000 	/System/Library/Frameworks/IOKit.framework/Versions/A/IOKit
0x000000019b43b000 	/System/Library/Frameworks/Combine.framework/Versions/A/Combine
0x000000023db95000 	/System/Library/PrivateFrameworks/CollectionsInternal.framework/Versions/A/CollectionsInternal
0x0000000269a94000 	/System/Library/PrivateFrameworks/ReflectionInternal.framework/Versions/A/ReflectionInternal
0x000000026a9e7000 	/System/Library/PrivateFrameworks/RuntimeInternal.framework/Versions/A/RuntimeInternal
0x00000001950d8000 	/System/Library/PrivateFrameworks/SoftLinking.framework/Versions/A/SoftLinking
0x00000001b25cf000 	/usr/lib/swift/libswiftCoreFoundation.dylib
0x00000001af465000 	/usr/lib/swift/libswiftDarwin.dylib
0x000000019f50d000 	/usr/lib/swift/libswiftDispatch.dylib
0x00000001b2630000 	/usr/lib/swift/libswiftIOKit.dylib
0x0000000289c59000 	/usr/lib/swift/libswiftSystem.dylib
0x00000001b25e2000 	/usr/lib/swift/libswiftXPC.dylib
0x0000000289c8b000 	/usr/lib/swift/libswift_Builtin_float.dylib
0x0000000289c8c000 	/usr/lib/swift/libswift_Concurrency.dylib
0x0000000289d18000 	/usr/lib/swift/libswift_DarwinFoundation1.dylib
0x0000000289dbc000 	/usr/lib/swift/libswift_StringProcessing.dylib
0x00000001a24e9000 	/usr/lib/swift/libswiftos.dylib
0x000000018955e000 	/System/Library/PrivateFrameworks/CoreServicesInternal.framework/Versions/A/CoreServicesInternal
0x00000001950a1000 	/usr/lib/liboah.dylib
0x0000000188b67000 	/System/Library/Frameworks/Security.framework/Versions/A/Security
0x00000001a1919000 	/System/Library/PrivateFrameworks/DiskImages.framework/Versions/A/DiskImages
0x00000001aef0a000 	/System/Library/Frameworks/NetFS.framework/Versions/A/NetFS
0x000000018fad6000 	/System/Library/Frameworks/CoreServices.framework/Versions/A/Frameworks/FSEvents.framework/Versions/A/FSEvents
0x0000000189266000 	/System/Library/Frameworks/CoreServices.framework/Versions/A/Frameworks/CarbonCore.framework/Versions/A/CarbonCore
0x000000018eeb5000 	/System/Library/Frameworks/CoreServices.framework/Versions/A/Frameworks/Metadata.framework/Versions/A/Metadata
0x0000000194aa9000 	/System/Library/Frameworks/CoreServices.framework/Versions/A/Frameworks/OSServices.framework/Versions/A/OSServices
0x0000000195221000 	/System/Library/Frameworks/CoreServices.framework/Versions/A/Frameworks/SearchKit.framework/Versions/A/SearchKit
0x000000018d569000 	/System/Library/Frameworks/CoreServices.framework/Versions/A/Frameworks/AE.framework/Versions/A/AE
0x0000000185824000 	/System/Library/Frameworks/CoreServices.framework/Versions/A/Frameworks/LaunchServices.framework/Versions/A/LaunchServices
0x00000001965a7000 	/System/Library/Frameworks/CoreServices.framework/Versions/A/Frameworks/DictionaryServices.framework/Versions/A/DictionaryServices
0x000000018fae3000 	/System/Library/Frameworks/CoreServices.framework/Versions/A/Frameworks/SharedFileList.framework/Versions/A/SharedFileList
0x00000001952b4000 	/usr/lib/libapple_nghttp2.dylib
0x000000018d180000 	/usr/lib/libsqlite3.dylib
0x00000001a1b5b000 	/System/Library/PrivateFrameworks/AppSupport.framework/Versions/A/AppSupport
0x000000018ee16000 	/System/Library/PrivateFrameworks/CoreAnalytics.framework/Versions/A/CoreAnalytics
0x000000018c024000 	/System/Library/Frameworks/CoreGraphics.framework/Versions/A/CoreGraphics
0x0000000199676000 	/System/Library/Frameworks/GSS.framework/Versions/A/GSS
0x000000018d4fd000 	/System/Library/PrivateFrameworks/RunningBoardServices.framework/Versions/A/RunningBoardServices
0x00000001a246d000 	/System/Library/PrivateFrameworks/StreamingZip.framework/Versions/A/StreamingZip
0x000000018b9af000 	/usr/lib/libenergytrace.dylib
0x000000018d5f8000 	/System/Library/Frameworks/Network.framework/Versions/A/Network
0x000000019432b000 	/usr/lib/libbsm.0.dylib
0x0000000195070000 	/usr/lib/system/libkxld.dylib
0x0000000239175000 	/System/Library/PrivateFrameworks/AppleKeyStore.framework/Versions/A/AppleKeyStore
0x0000000288092000 	/usr/lib/libCoreEntitlements.dylib
0x000000025e177000 	/System/Library/PrivateFrameworks/MessageSecurity.framework/Versions/A/MessageSecurity
0x000000018d164000 	/System/Library/PrivateFrameworks/ProtocolBuffer.framework/Versions/A/ProtocolBuffer
0x000000019e91c000 	/System/Library/PrivateFrameworks/SymptomDiagnosticReporter.framework/Versions/A/SymptomDiagnosticReporter
0x00000001967ec000 	/System/Library/PrivateFrameworks/CrashReporterSupport.framework/Versions/A/CrashReporterSupport
0x000000018b9b1000 	/usr/lib/libMobileGestalt.dylib
0x0000000194a89000 	/System/Library/PrivateFrameworks/AppleFSCompression.framework/Versions/A/AppleFSCompression
0x0000000194313000 	/usr/lib/libcoretls.dylib
0x000000019661d000 	/usr/lib/libcoretls_cfhelpers.dylib
0x00000001952f6000 	/usr/lib/libpam.2.dylib
0x0000000196693000 	/usr/lib/libxar.1.dylib
0x000000019661f000 	/System/Library/PrivateFrameworks/APFS.framework/Versions/A/APFS
0x0000000276114000 	/System/Library/PrivateFrameworks/SwiftASN1Internal.framework/Versions/A/SwiftASN1Internal
0x00000001966a2000 	/usr/lib/libutil.dylib
0x0000000192cb2000 	/System/Library/PrivateFrameworks/AppleSystemInfo.framework/Versions/A/AppleSystemInfo
0x0000000193fda000 	/System/Library/PrivateFrameworks/IOMobileFramebuffer.framework/Versions/A/IOMobileFramebuffer
0x00000001918cc000 	/System/Library/Frameworks/IOSurface.framework/Versions/A/IOSurface
0x00000001b2491000 	/System/Library/PrivateFrameworks/LoggingSupport.framework/Versions/A/LoggingSupport
0x00000001996d9000 	/System/Library/PrivateFrameworks/MobileAsset.framework/Versions/A/MobileAsset
0x000000019e92c000 	/System/Library/PrivateFrameworks/PowerLog.framework/Versions/A/PowerLog
0x0000000231d9a000 	/System/Library/Frameworks/SwiftData.framework/Versions/A/SwiftData
0x000000018b013000 	/System/Library/Frameworks/UniformTypeIdentifiers.framework/Versions/A/UniformTypeIdentifiers
0x000000018fd03000 	/System/Library/PrivateFrameworks/UserManagement.framework/Versions/A/UserManagement
0x000000018b505000 	/usr/lib/libboringssl.dylib
0x000000018d5dd000 	/usr/lib/libdns_services.dylib
0x00000001b14c7000 	/usr/lib/libquic.dylib
0x00000001988d5000 	/usr/lib/libusrtcp.dylib
0x000000023a02e000 	/System/Library/PrivateFrameworks/AtomicsInternal.framework/Versions/A/AtomicsInternal
0x00000001d87a0000 	/System/Library/PrivateFrameworks/InternalSwiftProtobuf.framework/Versions/A/InternalSwiftProtobuf
0x0000000289ae0000 	/usr/lib/swift/libswiftDistributed.dylib
0x0000000289b09000 	/usr/lib/swift/libswiftObservation.dylib
0x0000000289c45000 	/usr/lib/swift/libswiftSynchronization.dylib
0x0000000192cb0000 	/System/Library/PrivateFrameworks/AggregateDictionary.framework/Versions/A/AggregateDictionary
0x000000023a85c000 	/System/Library/PrivateFrameworks/BiomeLibrary.framework/Versions/A/BiomeLibrary
0x00000001c15df000 	/System/Library/PrivateFrameworks/BiomeStreams.framework/Versions/A/BiomeStreams
0x00000001bd644000 	/System/Library/PrivateFrameworks/BiomeFoundation.framework/Versions/A/BiomeFoundation
0x00000001c7863000 	/System/Library/PrivateFrameworks/BiomePubSub.framework/Versions/A/BiomePubSub
0x000000018cd76000 	/System/Library/Frameworks/CoreData.framework/Versions/A/CoreData
0x00000001a3450000 	/System/Library/PrivateFrameworks/ProactiveSupport.framework/Versions/A/ProactiveSupport
0x00000001965fe000 	/usr/lib/liblzma.5.dylib
0x000000019da20000 	/System/Library/Frameworks/Accelerate.framework/Versions/A/Accelerate
0x000000019420c000 	/System/Library/PrivateFrameworks/MobileKeyBag.framework/Versions/A/MobileKeyBag
0x00000001a1e6f000 	/System/Library/PrivateFrameworks/InternationalTextSearch.framework/Versions/A/InternationalTextSearch
0x00000001b9b1f000 	/System/Library/PrivateFrameworks/SoftwareUpdateCoreSupport.framework/Versions/A/SoftwareUpdateCoreSupport
0x00000001c207d000 	/System/Library/PrivateFrameworks/SoftwareUpdateCoreConnect.framework/Versions/A/SoftwareUpdateCoreConnect
0x00000001a1a13000 	/System/Library/PrivateFrameworks/RemoteServiceDiscovery.framework/Versions/A/RemoteServiceDiscovery
0x00000001b96f7000 	/System/Library/PrivateFrameworks/MSUDataAccessor.framework/Versions/A/MSUDataAccessor
0x00000001b465f000 	/usr/lib/libbootpolicy.dylib
0x00000001a1a2a000 	/System/Library/PrivateFrameworks/RemoteXPC.framework/Versions/A/RemoteXPC
0x00000001c14b3000 	/usr/lib/libFDR.dylib
0x00000001c7465000 	/usr/lib/libamsupport.dylib
0x0000000288388000 	/usr/lib/libReverseProxyDevice.dylib
0x00000002389e5000 	/System/Library/PrivateFrameworks/AppleDeviceQuerySupport.framework/Versions/A/AppleDeviceQuerySupport
0x00000001ca627000 	/usr/lib/libpartition2_dynamic.dylib
0x0000000195290000 	/System/Library/PrivateFrameworks/AppleSauce.framework/Versions/A/AppleSauce
0x0000000287f3d000 	/usr/lib/libAppleArchive.dylib
0x0000000194a95000 	/usr/lib/libbz2.1.0.dylib
0x000000018ef4b000 	/System/Library/Frameworks/Accelerate.framework/Versions/A/Frameworks/vImage.framework/Versions/A/vImage
0x000000019d77c000 	/System/Library/Frameworks/Accelerate.framework/Versions/A/Frameworks/vecLib.framework/Versions/A/vecLib
0x00000001966d9000 	/System/Library/Frameworks/Accelerate.framework/Versions/A/Frameworks/vecLib.framework/Versions/A/libvMisc.dylib
0x0000000185d28000 	/System/Library/Frameworks/Accelerate.framework/Versions/A/Frameworks/vecLib.framework/Versions/A/libBLAS.dylib
0x000000018fc41000 	/System/Library/Frameworks/CoreVideo.framework/Versions/A/CoreVideo
0x000000018c77a000 	/System/Library/Frameworks/ColorSync.framework/Versions/A/ColorSync
0x00000001881a8000 	/System/Library/Frameworks/CoreText.framework/Versions/A/CoreText
0x00000001923bf000 	/System/Library/Frameworks/ImageIO.framework/Versions/A/ImageIO
0x000000018ba6d000 	/System/Library/PrivateFrameworks/SkyLight.framework/Versions/A/SkyLight
0x0000000191d9a000 	/System/Library/PrivateFrameworks/FontServices.framework/libFontParser.dylib
0x000000018d40b000 	/System/Library/PrivateFrameworks/BaseBoard.framework/Versions/A/BaseBoard
0x000000019f86e000 	/System/Library/PrivateFrameworks/BoardServices.framework/Versions/A/BoardServices
0x00000001a173b000 	/System/Library/PrivateFrameworks/BackBoardServices.framework/Versions/A/BackBoardServices
0x000000023a761000 	/System/Library/PrivateFrameworks/BackBoardHIDEventFoundation.framework/Versions/A/BackBoardHIDEventFoundation
0x0000000187cc4000 	/System/Library/Frameworks/CoreDisplay.framework/Versions/A/CoreDisplay
0x00000001972b7000 	/System/Library/Frameworks/VideoToolbox.framework/Versions/A/VideoToolbox
0x00000001952f4000 	/System/Library/Frameworks/MetalPerformanceShaders.framework/Versions/A/MetalPerformanceShaders
0x000000026899e000 	/System/Library/PrivateFrameworks/ProDisplayLibrary.framework/Versions/A/ProDisplayLibrary
0x00000001a556c000 	/System/Library/PrivateFrameworks/IOSurfaceAccelerator.framework/Versions/A/IOSurfaceAccelerator
0x00000001918f4000 	/System/Library/Frameworks/Metal.framework/Versions/A/Metal
0x00000001918e9000 	/System/Library/PrivateFrameworks/IOAccelerator.framework/Versions/A/IOAccelerator
0x0000000191bf8000 	/System/Library/Frameworks/CoreMedia.framework/Versions/A/CoreMedia
0x000000018ba49000 	/System/Library/PrivateFrameworks/TCC.framework/Versions/A/TCC
0x000000019726f000 	/System/Library/PrivateFrameworks/WatchdogClient.framework/Versions/A/WatchdogClient
0x000000018f370000 	/System/Library/Frameworks/QuartzCore.framework/Versions/A/QuartzCore
0x0000000197271000 	/System/Library/PrivateFrameworks/MultitouchSupport.framework/Versions/A/MultitouchSupport
0x00000001ca40d000 	/usr/lib/swift/libswiftAccelerate.dylib
0x00000001b25af000 	/usr/lib/swift/libswiftCoreAudio.dylib
0x00000001ce588000 	/usr/lib/swift/libswiftCoreMedia.dylib
0x00000001c0574000 	/usr/lib/swift/libswiftMetal.dylib
0x00000001cfd3b000 	/usr/lib/swift/libswiftOSLog.dylib
0x00000001c5969000 	/usr/lib/swift/libswiftQuartzCore.dylib
0x00000001ca3fd000 	/usr/lib/swift/libswiftUniformTypeIdentifiers.dylib
0x0000000289c73000 	/usr/lib/swift/libswiftVideoToolbox.dylib
0x00000001b6123000 	/usr/lib/swift/libswiftsimd.dylib
0x00000001c78c4000 	/System/Library/PrivateFrameworks/BiomeStorage.framework/Versions/A/BiomeStorage
0x0000000256ebb000 	/System/Library/PrivateFrameworks/IntelligencePlatformLibrary.framework/Versions/A/IntelligencePlatformLibrary
0x0000000267762000 	/System/Library/PrivateFrameworks/PoirotSchematizer.framework/Versions/A/PoirotSchematizer
0x000000023b10f000 	/System/Library/PrivateFrameworks/BiomeSync.framework/Versions/A/BiomeSync
0x000000023a842000 	/System/Library/PrivateFrameworks/BiomeDSL.framework/Versions/A/BiomeDSL
0x00000001e096a000 	/System/Library/PrivateFrameworks/FeatureFlags.framework/Versions/A/FeatureFlags
0x00000002677d0000 	/System/Library/PrivateFrameworks/PoirotUDFs.framework/Versions/A/PoirotUDFs
0x0000000289d1b000 	/usr/lib/swift/libswift_DarwinFoundation2.dylib
0x0000000289d1c000 	/usr/lib/swift/libswift_DarwinFoundation3.dylib
0x000000019fde3000 	/System/Library/PrivateFrameworks/CoreTime.framework/Versions/A/CoreTime
0x000000019510e000 	/usr/lib/libiconv.2.dylib
0x000000019506b000 	/usr/lib/libcharset.1.dylib
0x0000000267725000 	/System/Library/PrivateFrameworks/PoirotSQLite.framework/Versions/A/PoirotSQLite
0x0000000289d1d000 	/usr/lib/swift/libswift_RegexParser.dylib
0x000000023c745000 	/System/Library/PrivateFrameworks/CascadeSets.framework/Versions/A/CascadeSets
0x0000000199850000 	/System/Library/PrivateFrameworks/CorePhoneNumbers.framework/Versions/A/CorePhoneNumbers
0x0000000197069000 	/System/Library/PrivateFrameworks/AppleJPEG.framework/Versions/A/AppleJPEG
0x0000000196a43000 	/usr/lib/libexpat.1.dylib
0x0000000197834000 	/System/Library/Frameworks/ImageIO.framework/Versions/A/Resources/libPng.dylib
0x000000019785f000 	/System/Library/Frameworks/ImageIO.framework/Versions/A/Resources/libTIFF.dylib
0x0000000197947000 	/System/Library/Frameworks/ImageIO.framework/Versions/A/Resources/libGIF.dylib
0x00000001970ae000 	/System/Library/Frameworks/ImageIO.framework/Versions/A/Resources/libJP2.dylib
0x0000000196753000 	/usr/lib/libate.dylib
0x00000001978ee000 	/System/Library/Frameworks/ImageIO.framework/Versions/A/Resources/libJPEG.dylib
0x00000001978e5000 	/System/Library/Frameworks/ImageIO.framework/Versions/A/Resources/libRadiance.dylib
0x000000024cb72000 	/System/Library/PrivateFrameworks/GPUCompiler.framework/Versions/32023/Libraries/libllvm-flatbuffers.dylib
0x00000002475d1000 	/System/Library/PrivateFrameworks/FramePacing.framework/Versions/A/FramePacing
0x000000022a7e6000 	/System/Library/Frameworks/OpenGL.framework/Versions/A/Libraries/libCoreFSCache.dylib
0x00000002486ff000 	/System/Library/PrivateFrameworks/GPUCompiler.framework/Versions/32023/Libraries/libGPUCompilerUtils.dylib
0x000000019f93b000 	/System/Library/PrivateFrameworks/GraphicsServices.framework/Versions/A/GraphicsServices
0x000000022a7f4000 	/System/Library/Frameworks/OpenGL.framework/Versions/A/OpenGL
0x000000022a845000 	/System/Library/Frameworks/OpenGL.framework/Versions/A/Libraries/libGLU.dylib
0x000000022a808000 	/System/Library/Frameworks/OpenGL.framework/Versions/A/Libraries/libGFXShared.dylib
0x000000022a9d5000 	/System/Library/Frameworks/OpenGL.framework/Versions/A/Libraries/libGL.dylib
0x000000022a811000 	/System/Library/Frameworks/OpenGL.framework/Versions/A/Libraries/libGLImage.dylib
0x000000022a805000 	/System/Library/Frameworks/OpenGL.framework/Versions/A/Libraries/libCVMSPluginSupport.dylib
0x000000022a7ee000 	/System/Library/Frameworks/OpenGL.framework/Versions/A/Libraries/libCoreVMClient.dylib
0x00000001978e0000 	/System/Library/PrivateFrameworks/GPUWrangler.framework/Versions/A/GPUWrangler
0x00000001978c0000 	/System/Library/PrivateFrameworks/IOPresentment.framework/Versions/A/IOPresentment
0x00000001978e8000 	/System/Library/PrivateFrameworks/DSExternalDisplay.framework/Versions/A/DSExternalDisplay
0x000000027dcd7000 	/System/Library/PrivateFrameworks/VideoToolboxParavirtualizationSupport.framework/Versions/A/VideoToolboxParavirtualizationSupport
0x00000001969fa000 	/System/Library/PrivateFrameworks/AppleVA.framework/Versions/A/AppleVA
0x000000022c870000 	/System/Library/Frameworks/ExtensionFoundation.framework/Versions/A/ExtensionFoundation
0x000000019794d000 	/System/Library/PrivateFrameworks/CMCaptureCore.framework/Versions/A/CMCaptureCore
0x0000000196cd3000 	/usr/lib/libspindump.dylib
0x00000001883d1000 	/System/Library/Frameworks/CoreAudio.framework/Versions/A/CoreAudio
0x0000000196cc6000 	/System/Library/PrivateFrameworks/AppServerSupport.framework/Versions/A/AppServerSupport
0x0000000199648000 	/System/Library/PrivateFrameworks/perfdata.framework/Versions/A/perfdata
0x0000000187de5000 	/System/Library/PrivateFrameworks/AudioToolboxCore.framework/Versions/A/AudioToolboxCore
0x0000000191bce000 	/System/Library/PrivateFrameworks/caulk.framework/Versions/A/caulk
0x0000000199245000 	/usr/lib/libAudioStatistics.dylib
0x00000001b15bc000 	/System/Library/PrivateFrameworks/SystemPolicy.framework/Versions/A/SystemPolicy
0x00000001994ed000 	/usr/lib/libSMC.dylib
0x00000001b8f0b000 	/usr/lib/swift/libswiftCoreMIDI.dylib
0x00000001a485e000 	/System/Library/Frameworks/CoreMIDI.framework/Versions/A/CoreMIDI
0x000000019780e000 	/usr/lib/libAudioToolboxUtility.dylib
0x0000000199656000 	/usr/lib/libperfcheck.dylib
0x000000023a0fd000 	/System/Library/PrivateFrameworks/AudioAnalytics.framework/Versions/A/AudioAnalytics
0x00000001d848e000 	/System/Library/Frameworks/OSLog.framework/Versions/A/OSLog
0x00000002631d8000 	/System/Library/PrivateFrameworks/OSEligibility.framework/Versions/A/OSEligibility
0x000000022dc54000 	/System/Library/Frameworks/LightweightCodeRequirements.framework/Versions/A/LightweightCodeRequirements
0x0000000196943000 	/System/Library/PrivateFrameworks/PlugInKit.framework/Versions/A/PlugInKit
0x0000000194224000 	/System/Library/PrivateFrameworks/AssertionServices.framework/Versions/A/AssertionServices
0x00000001926ff000 	/System/Library/Frameworks/CoreImage.framework/Versions/A/CoreImage
0x0000000196c76000 	/System/Library/PrivateFrameworks/GraphVisualizer.framework/Versions/A/GraphVisualizer
0x00000002474dc000 	/System/Library/PrivateFrameworks/FontServices.framework/Versions/A/FontServices
0x0000000196c86000 	/System/Library/PrivateFrameworks/OTSVG.framework/Versions/A/OTSVG
0x000000018f786000 	/System/Library/Frameworks/ApplicationServices.framework/Versions/A/Frameworks/ATS.framework/Versions/A/Resources/libFontRegistry.dylib
0x0000000288e50000 	/usr/lib/libhvf.dylib
0x0000000263e64000 	/System/Library/PrivateFrameworks/ParsingInternal.framework/Versions/A/ParsingInternal
0x00000002474e0000 	/System/Library/PrivateFrameworks/FontServices.framework/libXTFontStaticRegistryData.dylib
0x0000000192bea000 	/System/Library/Frameworks/MetalPerformanceShaders.framework/Versions/A/Frameworks/MPSCore.framework/Versions/A/MPSCore
0x00000001949f4000 	/System/Library/Frameworks/MetalPerformanceShaders.framework/Versions/A/Frameworks/MPSImage.framework/Versions/A/MPSImage
0x00000001943b3000 	/System/Library/Frameworks/MetalPerformanceShaders.framework/Versions/A/Frameworks/MPSNeuralNetwork.framework/Versions/A/MPSNeuralNetwork
0x00000001947f2000 	/System/Library/Frameworks/MetalPerformanceShaders.framework/Versions/A/Frameworks/MPSMatrix.framework/Versions/A/MPSMatrix
0x000000019460a000 	/System/Library/Frameworks/MetalPerformanceShaders.framework/Versions/A/Frameworks/MPSRayIntersector.framework/Versions/A/MPSRayIntersector
0x0000000194824000 	/System/Library/Frameworks/MetalPerformanceShaders.framework/Versions/A/Frameworks/MPSNDArray.framework/Versions/A/MPSNDArray
0x000000022ead9000 	/System/Library/Frameworks/MetalPerformanceShaders.framework/Versions/A/Frameworks/MPSFunctions.framework/Versions/A/MPSFunctions
0x000000022eaba000 	/System/Library/Frameworks/MetalPerformanceShaders.framework/Versions/A/Frameworks/MPSBenchmarkLoop.framework/Versions/A/MPSBenchmarkLoop
0x000000022eaed000 	/System/Library/Frameworks/MetalPerformanceShaders.framework/Versions/A/Frameworks/MPSHost.framework/Versions/A/MPSHost
0x0000000185b3f000 	/System/Library/PrivateFrameworks/MetalTools.framework/Versions/A/MetalTools
0x00000001b7848000 	/System/Library/PrivateFrameworks/IOAccelMemoryInfo.framework/Versions/A/IOAccelMemoryInfo
0x00000001c5d5c000 	/System/Library/PrivateFrameworks/kperf.framework/Versions/A/kperf
0x00000001b25ab000 	/System/Library/PrivateFrameworks/GPURawCounter.framework/Versions/A/GPURawCounter
0x00000001a35db000 	/System/Library/PrivateFrameworks/ASEProcessing.framework/Versions/A/ASEProcessing
0x00000001d3e41000 	/System/Library/PrivateFrameworks/Symbolication.framework/Versions/A/Symbolication
0x0000000267311000 	/System/Library/PrivateFrameworks/PhotosensitivityProcessing.framework/Versions/A/PhotosensitivityProcessing
0x000000026ac39000 	/System/Library/PrivateFrameworks/SILManager.framework/Versions/A/SILManager
0x000000019fc86000 	/System/Library/PrivateFrameworks/CoreSymbolication.framework/Versions/A/CoreSymbolication
0x00000001b2520000 	/System/Library/PrivateFrameworks/MallocStackLogging.framework/Versions/A/MallocStackLogging
0x000000019fc64000 	/System/Library/PrivateFrameworks/DebugSymbols.framework/Versions/A/DebugSymbols
0x00000001c44cf000 	/System/Library/PrivateFrameworks/OSAnalytics.framework/Versions/A/OSAnalytics
0x000000024523e000 	/System/Library/PrivateFrameworks/DeviceRecovery.framework/Versions/A/DeviceRecovery
0x0000000279567000 	/System/Library/PrivateFrameworks/Tightbeam.framework/Versions/A/Tightbeam
0x00000001c0582000 	/usr/lib/swift/libswiftCompression.dylib
0x00000001cab94000 	/System/Library/PrivateFrameworks/AFKUser.framework/Versions/A/AFKUser
0x0000000198fef000 	/System/Library/Frameworks/AudioToolbox.framework/Versions/A/AudioToolbox
0x00000001991c4000 	/System/Library/PrivateFrameworks/AudioSession.framework/Versions/A/AudioSession
0x0000000196b87000 	/System/Library/PrivateFrameworks/MediaExperience.framework/Versions/A/MediaExperience
0x0000000198f99000 	/System/Library/PrivateFrameworks/AudioSession.framework/libSessionUtility.dylib
0x00000001aa42b000 	/System/Library/PrivateFrameworks/HID.framework/Versions/A/HID
0x0000000194233000 	/System/Library/Frameworks/SecurityFoundation.framework/Versions/A/SecurityFoundation
0x0000000186523000 	/System/Library/PrivateFrameworks/Lexicon.framework/Versions/A/Lexicon
0x000000019439c000 	/usr/lib/libgermantok.dylib
0x0000000192dd9000 	/System/Library/PrivateFrameworks/LinguisticData.framework/Versions/A/LinguisticData
0x000000019ea1a000 	/System/Library/PrivateFrameworks/MediaKit.framework/Versions/A/MediaKit
0x000000019e968000 	/System/Library/Frameworks/DiscRecording.framework/Versions/A/DiscRecording
0x0000000196a5e000 	/usr/lib/libheimdal-asn1.dylib
0x000000018fa9e000 	/System/Library/Frameworks/OpenDirectory.framework/Versions/A/OpenDirectory
0x000000018faac000 	/System/Library/Frameworks/OpenDirectory.framework/Versions/A/Frameworks/CFOpenDirectory.framework/Versions/A/CFOpenDirectory
0x0000000239b1c000 	/System/Library/PrivateFrameworks/AppleMobileFileIntegrity.framework/Versions/A/AppleMobileFileIntegrity
0x00000002883ff000 	/usr/lib/libTLE.dylib
0x00000001b2552000 	/usr/lib/libmis.dylib
0x00000001ea07d000 	/System/Library/PrivateFrameworks/ConfigProfileHelper.framework/Versions/A/ConfigProfileHelper
0x0000000258f6b000 	/System/Library/PrivateFrameworks/MIL.framework/Versions/A/MIL
0x0000000186835000 	/usr/lib/libCRFSuite.dylib
0x0000000192cb9000 	/System/Library/PrivateFrameworks/CoreNLP.framework/Versions/A/CoreNLP
0x000000019433d000 	/usr/lib/libmecab.dylib
0x0000000195287000 	/usr/lib/libThaiTokenizer.dylib
0x00000001d8977000 	/System/Library/PrivateFrameworks/HIDDisplay.framework/Versions/A/HIDDisplay
0x0000000199664000 	/System/Library/Frameworks/Kerberos.framework/Versions/A/Kerberos
0x00000001992d5000 	/usr/lib/libresolv.9.dylib
0x0000000196cda000 	/System/Library/PrivateFrameworks/Heimdal.framework/Versions/A/Heimdal
0x00000001a2442000 	/System/Library/Frameworks/Kerberos.framework/Versions/A/Libraries/libHeimdalProxy.dylib
0x00000001996c8000 	/System/Library/PrivateFrameworks/CommonAuth.framework/Versions/A/CommonAuth
0x0000000193e68000 	/System/Library/Frameworks/Accelerate.framework/Versions/A/Frameworks/vecLib.framework/Versions/A/libvDSP.dylib
0x00000001953d6000 	/System/Library/Frameworks/Accelerate.framework/Versions/A/Frameworks/vecLib.framework/Versions/A/libLAPACK.dylib
0x000000019439f000 	/System/Library/Frameworks/Accelerate.framework/Versions/A/Frameworks/vecLib.framework/Versions/A/libLinearAlgebra.dylib
0x00000001952cd000 	/System/Library/Frameworks/Accelerate.framework/Versions/A/Frameworks/vecLib.framework/Versions/A/libSparseBLAS.dylib
0x00000001953d1000 	/System/Library/Frameworks/Accelerate.framework/Versions/A/Frameworks/vecLib.framework/Versions/A/libQuadrature.dylib
0x0000000192de0000 	/System/Library/Frameworks/Accelerate.framework/Versions/A/Frameworks/vecLib.framework/Versions/A/libBNNS.dylib
0x0000000186633000 	/System/Library/Frameworks/Accelerate.framework/Versions/A/Frameworks/vecLib.framework/Versions/A/libSparse.dylib
0x000000019962d000 	/System/Library/PrivateFrameworks/NetAuth.framework/Versions/A/NetAuth
0x000000018fcc2000 	/System/Library/PrivateFrameworks/login.framework/Versions/A/Frameworks/loginsupport.framework/Versions/A/loginsupport
0x0000000194307000 	/usr/lib/libCheckFix.dylib
0x000000018ee48000 	/System/Library/PrivateFrameworks/MetadataUtilities.framework/Versions/A/MetadataUtilities
0x0000000254490000 	/System/Library/PrivateFrameworks/InstalledContentLibrary.framework/Versions/A/InstalledContentLibrary
0x000000018959e000 	/System/Library/PrivateFrameworks/CoreServicesStore.framework/Versions/A/CoreServicesStore
0x000000018fb0d000 	/usr/lib/libapp_launch_measurement.dylib
0x00000001c5e73000 	/System/Library/PrivateFrameworks/MobileSystemServices.framework/Versions/A/MobileSystemServices
0x00000001966a6000 	/usr/lib/libxslt.1.dylib
0x00000001942c6000 	/System/Library/PrivateFrameworks/BackgroundTaskManagement.framework/Versions/A/BackgroundTaskManagement
0x00000001a1ad4000 	/usr/lib/libcurl.4.dylib
0x0000000288c04000 	/usr/lib/libcrypto.46.dylib
0x00000002897a3000 	/usr/lib/libssl.48.dylib
0x00000001a17ae000 	/System/Library/Frameworks/LDAP.framework/Versions/A/LDAP
0x00000001a17ea000 	/System/Library/PrivateFrameworks/TrustEvaluationAgent.framework/Versions/A/TrustEvaluationAgent
0x00000001992f2000 	/usr/lib/libsasl2.2.dylib
0x0000000103810000 	/opt/homebrew/Caskroom/miniforge/base/envs/nlp_env/lib/python3.12/lib-dynload/_lsprof.cpython-312-darwin.so
0x0000000103820000 	/opt/homebrew/Caskroom/miniforge/base/envs/nlp_env/lib/python3.12/lib-dynload/resource.cpython-312-darwin.so
0x0000000104460000 	/opt/homebrew/Caskroom/miniforge/base/envs/nlp_env/lib/python3.12/site-packages/psutil/_psutil_osx.abi3.so
0x00000001044a0000 	/opt/homebrew/Caskroom/miniforge/base/envs/nlp_env/lib/python3.12/lib-dynload/_ctypes.cpython-312-darwin.so
0x00000001044c4000 	/opt/homebrew/Caskroom/miniforge/base/envs/nlp_env/lib/libffi.8.dylib
0x0000000104800000 	/opt/homebrew/Caskroom/miniforge/base/envs/nlp_env/lib/python3.12/site-packages/debugpy/_vendored/pydevd/_pydevd_bundle/pydevd_cython.cpython-312-darwin.so
0x0000000105cc8000 	/opt/homebrew/Caskroom/miniforge/base/envs/nlp_env/lib/python3.12/site-packages/debugpy/_vendored/pydevd/_pydevd_sys_monitoring/_pydevd_sys_monitoring_cython.cpython-312-darwin.so
0x0000000119000000 	/opt/homebrew/Caskroom/miniforge/base/envs/nlp_env/lib/python3.12/site-packages/numpy/_core/_multiarray_umath.cpython-312-darwin.so
0x00000001051a0000 	/opt/homebrew/Caskroom/miniforge/base/envs/nlp_env/lib/python3.12/site-packages/numpy/linalg/_umath_linalg.cpython-312-darwin.so
0x00000001051c8000 	/opt/homebrew/Caskroom/miniforge/base/envs/nlp_env/lib/python3.12/site-packages/matplotlib/_c_internal_utils.cpython-312-darwin.so
0x000000010447c000 	/opt/homebrew/Caskroom/miniforge/base/envs/nlp_env/lib/python3.12/lib-dynload/_elementtree.cpython-312-darwin.so
0x00000001194e8000 	/opt/homebrew/Caskroom/miniforge/base/envs/nlp_env/lib/python3.12/site-packages/PIL/_imaging.cpython-312-darwin.so
0x0000000119580000 	/opt/homebrew/Caskroom/miniforge/base/envs/nlp_env/lib/python3.12/site-packages/PIL/.dylibs/libtiff.6.dylib
0x000000011963c000 	/opt/homebrew/Caskroom/miniforge/base/envs/nlp_env/lib/python3.12/site-packages/PIL/.dylibs/libjpeg.62.4.0.dylib
0x00000001196e0000 	/opt/homebrew/Caskroom/miniforge/base/envs/nlp_env/lib/python3.12/site-packages/PIL/.dylibs/libopenjp2.2.5.4.dylib
0x0000000105c00000 	/opt/homebrew/Caskroom/miniforge/base/envs/nlp_env/lib/python3.12/site-packages/PIL/.dylibs/libz.1.3.1.zlib-ng.dylib
0x0000000105f2c000 	/opt/homebrew/Caskroom/miniforge/base/envs/nlp_env/lib/python3.12/site-packages/PIL/.dylibs/libxcb.1.1.0.dylib
0x0000000105f70000 	/opt/homebrew/Caskroom/miniforge/base/envs/nlp_env/lib/python3.12/site-packages/PIL/.dylibs/liblzma.5.dylib
0x00000001044e4000 	/opt/homebrew/Caskroom/miniforge/base/envs/nlp_env/lib/python3.12/site-packages/PIL/.dylibs/libXau.6.dylib
0x00000001198e0000 	/opt/homebrew/Caskroom/miniforge/base/envs/nlp_env/lib/python3.12/site-packages/matplotlib/_path.cpython-312-darwin.so
0x0000000119ed0000 	/opt/homebrew/Caskroom/miniforge/base/envs/nlp_env/lib/python3.12/site-packages/matplotlib/ft2font.cpython-312-darwin.so
0x0000000105fc0000 	/opt/homebrew/Caskroom/miniforge/base/envs/nlp_env/lib/python3.12/site-packages/kiwisolver/_cext.cpython-312-darwin.so
0x000000011a168000 	/opt/homebrew/Caskroom/miniforge/base/envs/nlp_env/lib/python3.12/site-packages/matplotlib/_image.cpython-312-darwin.so
0x0000000104880000 	/opt/homebrew/Caskroom/miniforge/base/envs/nlp_env/lib/python3.12/site-packages/scipy/_lib/_ccallback_c.cpython-312-darwin.so
0x0000000119884000 	/opt/homebrew/Caskroom/miniforge/base/envs/nlp_env/lib/python3.12/site-packages/scipy/_cyutility.cpython-312-darwin.so
0x000000011c000000 	/opt/homebrew/Caskroom/miniforge/base/envs/nlp_env/lib/python3.12/site-packages/scipy/sparse/_sparsetools.cpython-312-darwin.so
0x0000000119e3c000 	/opt/homebrew/Caskroom/miniforge/base/envs/nlp_env/lib/python3.12/site-packages/numpy/random/_bounded_integers.cpython-312-darwin.so
0x0000000119e84000 	/opt/homebrew/Caskroom/miniforge/base/envs/nlp_env/lib/python3.12/site-packages/numpy/random/bit_generator.cpython-312-darwin.so
0x000000011b400000 	/opt/homebrew/Caskroom/miniforge/base/envs/nlp_env/lib/python3.12/site-packages/numpy/random/_common.cpython-312-darwin.so
0x000000011b4dc000 	/opt/homebrew/Caskroom/miniforge/base/envs/nlp_env/lib/python3.12/site-packages/numpy/random/_generator.cpython-312-darwin.so
0x0000000105c50000 	/opt/homebrew/Caskroom/miniforge/base/envs/nlp_env/lib/python3.12/site-packages/numpy/random/_pcg64.cpython-312-darwin.so
0x0000000105ca0000 	/opt/homebrew/Caskroom/miniforge/base/envs/nlp_env/lib/python3.12/site-packages/numpy/random/_mt19937.cpython-312-darwin.so
0x0000000105c2c000 	/opt/homebrew/Caskroom/miniforge/base/envs/nlp_env/lib/python3.12/site-packages/numpy/random/_philox.cpython-312-darwin.so
0x0000000104d60000 	/opt/homebrew/Caskroom/miniforge/base/envs/nlp_env/lib/python3.12/site-packages/numpy/random/_sfc64.cpython-312-darwin.so
0x000000011b580000 	/opt/homebrew/Caskroom/miniforge/base/envs/nlp_env/lib/python3.12/site-packages/numpy/random/mtrand.cpython-312-darwin.so
0x000000011b608000 	/opt/homebrew/Caskroom/miniforge/base/envs/nlp_env/lib/python3.12/site-packages/numpy/fft/_pocketfft_umath.cpython-312-darwin.so
0x0000000103e80000 	/opt/homebrew/Caskroom/miniforge/base/envs/nlp_env/lib/python3.12/site-packages/charset_normalizer/cd.cpython-312-darwin.so
0x000000011b43c000 	/opt/homebrew/Caskroom/miniforge/base/envs/nlp_env/lib/python3.12/site-packages/ada92cb5d92a588d1b93__mypyc.cpython-312-darwin.so
0x000000011a5cc000 	/opt/homebrew/Caskroom/miniforge/base/envs/nlp_env/lib/python3.12/lib-dynload/_codecs_cn.cpython-312-darwin.so
0x000000011b4a0000 	/opt/homebrew/Caskroom/miniforge/base/envs/nlp_env/lib/python3.12/lib-dynload/_codecs_hk.cpython-312-darwin.so
0x000000010489c000 	/opt/homebrew/Caskroom/miniforge/base/envs/nlp_env/lib/python3.12/lib-dynload/_codecs_iso2022.cpython-312-darwin.so
0x000000011b7a4000 	/opt/homebrew/Caskroom/miniforge/base/envs/nlp_env/lib/python3.12/lib-dynload/_codecs_jp.cpython-312-darwin.so
0x000000011b75c000 	/opt/homebrew/Caskroom/miniforge/base/envs/nlp_env/lib/python3.12/lib-dynload/_codecs_kr.cpython-312-darwin.so
0x000000011c380000 	/opt/homebrew/Caskroom/miniforge/base/envs/nlp_env/lib/python3.12/lib-dynload/_codecs_tw.cpython-312-darwin.so
0x00000001198b0000 	/opt/homebrew/Caskroom/miniforge/base/envs/nlp_env/lib/python3.12/lib-dynload/_multibytecodec.cpython-312-darwin.so
0x000000011c508000 	/opt/homebrew/Caskroom/miniforge/base/envs/nlp_env/lib/python3.12/site-packages/scipy/sparse/_csparsetools.cpython-312-darwin.so
0x00000001198c4000 	/opt/homebrew/Caskroom/miniforge/base/envs/nlp_env/lib/python3.12/site-packages/wrapt/_wrappers.cpython-312-darwin.so
0x000000011c8ec000 	/opt/homebrew/Caskroom/miniforge/base/envs/nlp_env/lib/python3.12/site-packages/scipy/spatial/_ckdtree.cpython-312-darwin.so
0x000000011c9f8000 	/opt/homebrew/Caskroom/miniforge/base/envs/nlp_env/lib/python3.12/site-packages/scipy/linalg/_fblas.cpython-312-darwin.so
0x000000011cc4c000 	/opt/homebrew/Caskroom/miniforge/base/envs/nlp_env/lib/python3.12/site-packages/scipy/linalg/_flapack.cpython-312-darwin.so
0x000000011c868000 	/opt/homebrew/Caskroom/miniforge/base/envs/nlp_env/lib/python3.12/site-packages/scipy/linalg/_batched_linalg.cpython-312-darwin.so
0x000000011c8ac000 	/opt/homebrew/Caskroom/miniforge/base/envs/nlp_env/lib/python3.12/site-packages/scipy/linalg/_cythonized_array_utils.cpython-312-darwin.so
0x000000011c4a8000 	/opt/homebrew/Caskroom/miniforge/base/envs/nlp_env/lib/python3.12/site-packages/scipy/linalg/_solve_toeplitz.cpython-312-darwin.so
0x000000011c4c8000 	/opt/homebrew/Caskroom/miniforge/base/envs/nlp_env/lib/python3.12/site-packages/scipy/linalg/_internal_matfuncs.cpython-312-darwin.so
0x000000011c994000 	/opt/homebrew/Caskroom/miniforge/base/envs/nlp_env/lib/python3.12/site-packages/scipy/linalg/_linalg_pythran.cpython-312-darwin.so
0x000000011cb80000 	/opt/homebrew/Caskroom/miniforge/base/envs/nlp_env/lib/python3.12/site-packages/scipy/linalg/_decomp_update.cpython-312-darwin.so
0x000000011c9b8000 	/opt/homebrew/Caskroom/miniforge/base/envs/nlp_env/lib/python3.12/site-packages/scipy/linalg/cython_blas.cpython-312-darwin.so
0x000000011ce18000 	/opt/homebrew/Caskroom/miniforge/base/envs/nlp_env/lib/python3.12/site-packages/scipy/linalg/cython_lapack.cpython-312-darwin.so
0x000000011cf1c000 	/opt/homebrew/Caskroom/miniforge/base/envs/nlp_env/lib/python3.12/site-packages/scipy/special/_ufuncs.cpython-312-darwin.so
0x000000011d270000 	/opt/homebrew/Caskroom/miniforge/base/envs/nlp_env/lib/python3.12/site-packages/scipy/special/_ufuncs_cxx.cpython-312-darwin.so
0x000000011b784000 	/opt/homebrew/Caskroom/miniforge/base/envs/nlp_env/lib/python3.12/site-packages/scipy/special/_ellip_harm_2.cpython-312-darwin.so
0x000000011d3e0000 	/opt/homebrew/Caskroom/miniforge/base/envs/nlp_env/lib/python3.12/site-packages/scipy/special/_special_ufuncs.cpython-312-darwin.so
0x000000011d100000 	/opt/homebrew/Caskroom/miniforge/base/envs/nlp_env/lib/python3.12/site-packages/scipy/special/_gufuncs.cpython-312-darwin.so
0x000000011cbec000 	/opt/homebrew/Caskroom/miniforge/base/envs/nlp_env/lib/python3.12/site-packages/scipy/special/_specfun.cpython-312-darwin.so
0x0000000119eb8000 	/opt/homebrew/Caskroom/miniforge/base/envs/nlp_env/lib/python3.12/site-packages/scipy/special/_comb.cpython-312-darwin.so
0x000000011c4e8000 	/opt/homebrew/Caskroom/miniforge/base/envs/nlp_env/lib/python3.12/site-packages/scipy/spatial/_hausdorff.cpython-312-darwin.so
0x000000011d5f8000 	/opt/homebrew/Caskroom/miniforge/base/envs/nlp_env/lib/python3.12/site-packages/scipy/spatial/_distance_pybind.cpython-312-darwin.so
0x000000011c970000 	/opt/homebrew/Caskroom/miniforge/base/envs/nlp_env/lib/python3.12/site-packages/scipy/spatial/_distance_wrap.cpython-312-darwin.so
0x000000011d738000 	/opt/homebrew/Caskroom/miniforge/base/envs/nlp_env/lib/python3.12/site-packages/scipy/spatial/_qhull.cpython-312-darwin.so
0x000000011c9dc000 	/opt/homebrew/Caskroom/miniforge/base/envs/nlp_env/lib/python3.12/site-packages/scipy/_lib/messagestream.cpython-312-darwin.so
0x000000011cbbc000 	/opt/homebrew/Caskroom/miniforge/base/envs/nlp_env/lib/python3.12/site-packages/scipy/spatial/_voronoi.cpython-312-darwin.so
0x000000011d684000 	/opt/homebrew/Caskroom/miniforge/base/envs/nlp_env/lib/python3.12/site-packages/scipy/spatial/transform/_rotation_cy.cpython-312-darwin.so
0x000000011ceac000 	/opt/homebrew/Caskroom/miniforge/base/envs/nlp_env/lib/python3.12/site-packages/scipy/spatial/transform/_rigid_transform_cy.cpython-312-darwin.so
0x000000011d21c000 	/opt/homebrew/Caskroom/miniforge/base/envs/nlp_env/lib/python3.12/site-packages/scipy/sparse/linalg/_dsolve/_superlu.cpython-312-darwin.so
0x000000011ce74000 	/opt/homebrew/Caskroom/miniforge/base/envs/nlp_env/lib/python3.12/site-packages/scipy/sparse/linalg/_eigen/arpack/_arpacklib.cpython-312-darwin.so
0x000000011cee4000 	/opt/homebrew/Caskroom/miniforge/base/envs/nlp_env/lib/python3.12/site-packages/scipy/sparse/linalg/_propack.cpython-312-darwin.so
0x000000011cbd4000 	/opt/homebrew/Caskroom/miniforge/base/envs/nlp_env/lib/python3.12/site-packages/scipy/optimize/_group_columns.cpython-312-darwin.so
0x000000011cfc8000 	/opt/homebrew/Caskroom/miniforge/base/envs/nlp_env/lib/python3.12/site-packages/scipy/optimize/_trlib/_trlib.cpython-312-darwin.so
0x000000011b7ec000 	/opt/homebrew/Caskroom/miniforge/base/envs/nlp_env/lib/python3.12/site-packages/scipy/optimize/_lbfgsb.cpython-312-darwin.so
0x000000011d19c000 	/opt/homebrew/Caskroom/miniforge/base/envs/nlp_env/lib/python3.12/site-packages/scipy/optimize/_moduleTNC.cpython-312-darwin.so
0x000000011cc1c000 	/opt/homebrew/Caskroom/miniforge/base/envs/nlp_env/lib/python3.12/site-packages/scipy/optimize/_slsqplib.cpython-312-darwin.so
0x000000011cc30000 	/opt/homebrew/Caskroom/miniforge/base/envs/nlp_env/lib/python3.12/site-packages/scipy/optimize/_minpack.cpython-312-darwin.so
0x000000011cf08000 	/opt/homebrew/Caskroom/miniforge/base/envs/nlp_env/lib/python3.12/site-packages/scipy/optimize/_lsq/givens_elimination.cpython-312-darwin.so
0x000000011d1c0000 	/opt/homebrew/Caskroom/miniforge/base/envs/nlp_env/lib/python3.12/site-packages/scipy/optimize/_zeros.cpython-312-darwin.so
0x000000011f514000 	/opt/homebrew/Caskroom/miniforge/base/envs/nlp_env/lib/python3.12/site-packages/scipy/optimize/_highspy/_core.cpython-312-darwin.so
0x000000011db50000 	/opt/homebrew/Caskroom/miniforge/base/envs/nlp_env/lib/python3.12/site-packages/scipy/optimize/_highspy/_highs_options.cpython-312-darwin.so
0x000000011dc3c000 	/opt/homebrew/Caskroom/miniforge/base/envs/nlp_env/lib/python3.12/site-packages/scipy/linalg/_decomp_interpolative.cpython-312-darwin.so
0x000000011d6e8000 	/opt/homebrew/Caskroom/miniforge/base/envs/nlp_env/lib/python3.12/site-packages/scipy/_lib/_uarray/_uarray.cpython-312-darwin.so
0x000000011f150000 	/opt/homebrew/Caskroom/miniforge/base/envs/nlp_env/lib/python3.12/site-packages/scipy/fft/_duccfft/pyduccfft.cpython-312-darwin.so
0x000000011d708000 	/opt/homebrew/Caskroom/miniforge/base/envs/nlp_env/lib/python3.12/site-packages/scipy/optimize/_bglu_dense.cpython-312-darwin.so
0x000000011d1d0000 	/opt/homebrew/Caskroom/miniforge/base/envs/nlp_env/lib/python3.12/site-packages/scipy/optimize/_lsap.cpython-312-darwin.so
0x000000011dbb4000 	/opt/homebrew/Caskroom/miniforge/base/envs/nlp_env/lib/python3.12/site-packages/scipy/optimize/_pava_pybind.cpython-312-darwin.so
0x000000011d1e0000 	/opt/homebrew/Caskroom/miniforge/base/envs/nlp_env/lib/python3.12/site-packages/scipy/optimize/_direct.cpython-312-darwin.so
0x000000011daec000 	/opt/homebrew/Caskroom/miniforge/base/envs/nlp_env/lib/python3.12/site-packages/scipy/integrate/_odepack.cpython-312-darwin.so
0x000000011db04000 	/opt/homebrew/Caskroom/miniforge/base/envs/nlp_env/lib/python3.12/site-packages/scipy/integrate/_quadpack.cpython-312-darwin.so
0x000000011dbec000 	/opt/homebrew/Caskroom/miniforge/base/envs/nlp_env/lib/python3.12/site-packages/scipy/integrate/_vode.cpython-312-darwin.so
0x000000011db20000 	/opt/homebrew/Caskroom/miniforge/base/envs/nlp_env/lib/python3.12/site-packages/scipy/integrate/_dop.cpython-312-darwin.so
0x000000011f100000 	/opt/homebrew/Caskroom/miniforge/base/envs/nlp_env/lib/python3.12/site-packages/scipy/interpolate/_fitpack.cpython-312-darwin.so
0x000000011dc0c000 	/opt/homebrew/Caskroom/miniforge/base/envs/nlp_env/lib/python3.12/site-packages/scipy/interpolate/_dierckx.cpython-312-darwin.so
0x000000011f4a0000 	/opt/homebrew/Caskroom/miniforge/base/envs/nlp_env/lib/python3.12/site-packages/scipy/interpolate/_ppoly.cpython-312-darwin.so
0x000000011f4d4000 	/opt/homebrew/Caskroom/miniforge/base/envs/nlp_env/lib/python3.12/site-packages/scipy/interpolate/_interpnd.cpython-312-darwin.so
0x000000011fa8c000 	/opt/homebrew/Caskroom/miniforge/base/envs/nlp_env/lib/python3.12/site-packages/scipy/interpolate/_rbfinterp_pythran.cpython-312-darwin.so
0x000000011fa40000 	/opt/homebrew/Caskroom/miniforge/base/envs/nlp_env/lib/python3.12/site-packages/scipy/interpolate/_rgi_cython.cpython-312-darwin.so
0x000000011fb38000 	/opt/homebrew/Caskroom/miniforge/base/envs/nlp_env/lib/python3.12/site-packages/scipy/stats/_stats.cpython-312-darwin.so
0x000000011fd38000 	/opt/homebrew/Caskroom/miniforge/base/envs/nlp_env/lib/python3.12/site-packages/scipy/special/cython_special.cpython-312-darwin.so
0x000000011fa60000 	/opt/homebrew/Caskroom/miniforge/base/envs/nlp_env/lib/python3.12/site-packages/scipy/stats/_biasedurn.cpython-312-darwin.so
0x000000011db38000 	/opt/homebrew/Caskroom/miniforge/base/envs/nlp_env/lib/python3.12/site-packages/scipy/stats/_levy_stable/levyst.cpython-312-darwin.so
0x000000011fad8000 	/opt/homebrew/Caskroom/miniforge/base/envs/nlp_env/lib/python3.12/site-packages/scipy/stats/_stats_pythran.cpython-312-darwin.so
0x000000011ddc4000 	/opt/homebrew/Caskroom/miniforge/base/envs/nlp_env/lib/python3.12/site-packages/scipy/stats/_ansari_swilk_statistics.cpython-312-darwin.so
0x0000000140200000 	/opt/homebrew/Caskroom/miniforge/base/envs/nlp_env/lib/python3.12/site-packages/scipy/sparse/csgraph/_shortest_path.cpython-312-darwin.so
0x000000011fc98000 	/opt/homebrew/Caskroom/miniforge/base/envs/nlp_env/lib/python3.12/site-packages/scipy/sparse/csgraph/_tools.cpython-312-darwin.so
0x0000000140258000 	/opt/homebrew/Caskroom/miniforge/base/envs/nlp_env/lib/python3.12/site-packages/scipy/sparse/csgraph/_traversal.cpython-312-darwin.so
0x000000011dde0000 	/opt/homebrew/Caskroom/miniforge/base/envs/nlp_env/lib/python3.12/site-packages/scipy/sparse/csgraph/_min_spanning_tree.cpython-312-darwin.so
0x000000011fcc4000 	/opt/homebrew/Caskroom/miniforge/base/envs/nlp_env/lib/python3.12/site-packages/scipy/sparse/csgraph/_flow.cpython-312-darwin.so
0x000000011fcf0000 	/opt/homebrew/Caskroom/miniforge/base/envs/nlp_env/lib/python3.12/site-packages/scipy/sparse/csgraph/_matching.cpython-312-darwin.so
0x000000011ffd8000 	/opt/homebrew/Caskroom/miniforge/base/envs/nlp_env/lib/python3.12/site-packages/scipy/sparse/csgraph/_reordering.cpython-312-darwin.so
0x00000001402a0000 	/opt/homebrew/Caskroom/miniforge/base/envs/nlp_env/lib/python3.12/site-packages/scipy/stats/_sobol.cpython-312-darwin.so
0x00000001402cc000 	/opt/homebrew/Caskroom/miniforge/base/envs/nlp_env/lib/python3.12/site-packages/scipy/stats/_qmc_cy.cpython-312-darwin.so
0x000000011fafc000 	/opt/homebrew/Caskroom/miniforge/base/envs/nlp_env/lib/python3.12/site-packages/scipy/stats/_rcont/rcont.cpython-312-darwin.so
0x0000000140400000 	/opt/homebrew/Caskroom/miniforge/base/envs/nlp_env/lib/python3.12/site-packages/scipy/stats/_qmvnt_cy.cpython-312-darwin.so
0x000000014054c000 	/opt/homebrew/Caskroom/miniforge/base/envs/nlp_env/lib/python3.12/site-packages/scipy/ndimage/_nd_image.cpython-312-darwin.so
0x000000011dc28000 	/opt/homebrew/Caskroom/miniforge/base/envs/nlp_env/lib/python3.12/site-packages/scipy/ndimage/_rank_filter_1d.cpython-312-darwin.so
0x00000001405a4000 	/opt/homebrew/Caskroom/miniforge/base/envs/nlp_env/lib/python3.12/site-packages/scipy/ndimage/_ni_label.cpython-312-darwin.so
0x0000000140774000 	/opt/homebrew/Caskroom/miniforge/base/envs/nlp_env/lib/python3.12/site-packages/gensim/_matutils.cpython-312-darwin.so
0x00000001405d4000 	/opt/homebrew/Caskroom/miniforge/base/envs/nlp_env/lib/python3.12/site-packages/gensim/corpora/_mmreader.cpython-312-darwin.so
0x000000014072c000 	/opt/homebrew/Caskroom/miniforge/base/envs/nlp_env/lib/python3.12/site-packages/gensim/models/word2vec_inner.cpython-312-darwin.so
0x0000000141800000 	/opt/homebrew/Caskroom/miniforge/base/envs/nlp_env/lib/python3.12/site-packages/gensim/models/word2vec_corpusfile.cpython-312-darwin.so
0x00000001407bc000 	/opt/homebrew/Caskroom/miniforge/base/envs/nlp_env/lib/python3.12/site-packages/gensim/models/doc2vec_inner.cpython-312-darwin.so
0x0000000140574000 	/opt/homebrew/Caskroom/miniforge/base/envs/nlp_env/lib/python3.12/site-packages/gensim/models/doc2vec_corpusfile.cpython-312-darwin.so
0x000000014196c000 	/opt/homebrew/Caskroom/miniforge/base/envs/nlp_env/lib/python3.12/site-packages/gensim/models/fasttext_inner.cpython-312-darwin.so
0x0000000140524000 	/opt/homebrew/Caskroom/miniforge/base/envs/nlp_env/lib/python3.12/site-packages/gensim/models/fasttext_corpusfile.cpython-312-darwin.so
0x00000001419f8000 	/opt/homebrew/Caskroom/miniforge/base/envs/nlp_env/lib/python3.12/site-packages/gensim/models/nmf_pgd.cpython-312-darwin.so
0x0000000141994000 	/opt/homebrew/Caskroom/miniforge/base/envs/nlp_env/lib/python3.12/site-packages/gensim/similarities/fastss.cpython-312-darwin.so
0x000000011f13c000 	/opt/homebrew/Caskroom/miniforge/base/envs/nlp_env/lib/python3.12/site-packages/sklearn/__check_build/_check_build.cpython-312-darwin.so
0x000000011fb14000 	/opt/homebrew/Caskroom/miniforge/base/envs/nlp_env/lib/python3.12/lib-dynload/_multiprocessing.cpython-312-darwin.so
0x000000011fb24000 	/opt/homebrew/Caskroom/miniforge/base/envs/nlp_env/lib/python3.12/lib-dynload/mmap.cpython-312-darwin.so
0x000000011fd1c000 	/opt/homebrew/Caskroom/miniforge/base/envs/nlp_env/lib/python3.12/lib-dynload/_posixshmem.cpython-312-darwin.so
0x0000000142550000 	/opt/homebrew/Caskroom/miniforge/base/envs/nlp_env/lib/python3.12/site-packages/pyarrow/lib.cpython-312-darwin.so
0x00000001428b4000 	/opt/homebrew/Caskroom/miniforge/base/envs/nlp_env/lib/python3.12/site-packages/pyarrow/libarrow_python.2500.dylib
0x0000000142f48000 	/opt/homebrew/Caskroom/miniforge/base/envs/nlp_env/lib/python3.12/site-packages/pyarrow/libarrow_substrait.2500.dylib
0x0000000142a98000 	/opt/homebrew/Caskroom/miniforge/base/envs/nlp_env/lib/python3.12/site-packages/pyarrow/libarrow_dataset.2500.dylib
0x000000014388c000 	/opt/homebrew/Caskroom/miniforge/base/envs/nlp_env/lib/python3.12/site-packages/pyarrow/libparquet.2500.dylib
0x00000001433f8000 	/opt/homebrew/Caskroom/miniforge/base/envs/nlp_env/lib/python3.12/site-packages/pyarrow/libarrow_acero.2500.dylib
0x0000000144bac000 	/opt/homebrew/Caskroom/miniforge/base/envs/nlp_env/lib/python3.12/site-packages/pyarrow/libarrow_compute.2500.dylib
0x0000000148590000 	/opt/homebrew/Caskroom/miniforge/base/envs/nlp_env/lib/python3.12/site-packages/pyarrow/libarrow.2500.dylib
0x0000000140758000 	/opt/homebrew/Caskroom/miniforge/base/envs/nlp_env/lib/python3.12/site-packages/pandas/_libs/pandas_parser.cpython-312-darwin.so
0x00000001407e8000 	/opt/homebrew/Caskroom/miniforge/base/envs/nlp_env/lib/python3.12/site-packages/pandas/_libs/pandas_datetime.cpython-312-darwin.so
0x0000000142dc0000 	/opt/homebrew/Caskroom/miniforge/base/envs/nlp_env/lib/python3.12/site-packages/pandas/_libs/interval.cpython-312-darwin.so
0x0000000144328000 	/opt/homebrew/Caskroom/miniforge/base/envs/nlp_env/lib/python3.12/site-packages/pandas/_libs/hashtable.cpython-312-darwin.so
0x0000000142424000 	/opt/homebrew/Caskroom/miniforge/base/envs/nlp_env/lib/python3.12/site-packages/pandas/_libs/missing.cpython-312-darwin.so
0x0000000141c9c000 	/opt/homebrew/Caskroom/miniforge/base/envs/nlp_env/lib/python3.12/site-packages/pandas/_libs/tslibs/dtypes.cpython-312-darwin.so
0x0000000141ac8000 	/opt/homebrew/Caskroom/miniforge/base/envs/nlp_env/lib/python3.12/site-packages/pandas/_libs/tslibs/ccalendar.cpython-312-darwin.so
0x0000000142458000 	/opt/homebrew/Caskroom/miniforge/base/envs/nlp_env/lib/python3.12/site-packages/pandas/_libs/_cyutility.cpython-312-darwin.so
0x0000000142484000 	/opt/homebrew/Caskroom/miniforge/base/envs/nlp_env/lib/python3.12/site-packages/pandas/_libs/tslibs/np_datetime.cpython-312-darwin.so
0x00000001424ac000 	/opt/homebrew/Caskroom/miniforge/base/envs/nlp_env/lib/python3.12/site-packages/pandas/_libs/tslibs/conversion.cpython-312-darwin.so
0x0000000141c0c000 	/opt/homebrew/Caskroom/miniforge/base/envs/nlp_env/lib/python3.12/site-packages/pandas/_libs/tslibs/base.cpython-312-darwin.so
0x0000000144608000 	/opt/homebrew/Caskroom/miniforge/base/envs/nlp_env/lib/python3.12/site-packages/pandas/_libs/tslibs/offsets.cpython-312-darwin.so
0x0000000144538000 	/opt/homebrew/Caskroom/miniforge/base/envs/nlp_env/lib/python3.12/site-packages/pandas/_libs/tslibs/timestamps.cpython-312-darwin.so
0x0000000142510000 	/opt/homebrew/Caskroom/miniforge/base/envs/nlp_env/lib/python3.12/site-packages/pandas/_libs/tslibs/nattype.cpython-312-darwin.so
0x000000014476c000 	/opt/homebrew/Caskroom/miniforge/base/envs/nlp_env/lib/python3.12/site-packages/pandas/_libs/tslibs/timedeltas.cpython-312-darwin.so
0x0000000142d38000 	/opt/homebrew/Caskroom/miniforge/base/envs/nlp_env/lib/python3.12/site-packages/pandas/_libs/tslibs/timezones.cpython-312-darwin.so
0x00000001419b8000 	/opt/homebrew/Caskroom/miniforge/base/envs/nlp_env/lib/python3.12/lib-dynload/_zoneinfo.cpython-312-darwin.so
0x0000000141cc8000 	/opt/homebrew/Caskroom/miniforge/base/envs/nlp_env/lib/python3.12/site-packages/pandas/_libs/properties.cpython-312-darwin.so
0x0000000142ef8000 	/opt/homebrew/Caskroom/miniforge/base/envs/nlp_env/lib/python3.12/site-packages/pandas/_libs/tslibs/fields.cpython-312-darwin.so
0x0000000143638000 	/opt/homebrew/Caskroom/miniforge/base/envs/nlp_env/lib/python3.12/site-packages/pandas/_libs/tslibs/tzconversion.cpython-312-darwin.so
0x0000000143800000 	/opt/homebrew/Caskroom/miniforge/base/envs/nlp_env/lib/python3.12/site-packages/pandas/_libs/tslibs/parsing.cpython-312-darwin.so
0x0000000143664000 	/opt/homebrew/Caskroom/miniforge/base/envs/nlp_env/lib/python3.12/site-packages/pandas/_libs/tslibs/strptime.cpython-312-darwin.so
0x0000000144a44000 	/opt/homebrew/Caskroom/miniforge/base/envs/nlp_env/lib/python3.12/site-packages/pandas/_libs/tslibs/period.cpython-312-darwin.so
0x0000000141d04000 	/opt/homebrew/Caskroom/miniforge/base/envs/nlp_env/lib/python3.12/site-packages/pandas/_libs/tslibs/vectorized.cpython-312-darwin.so
0x0000000141a2c000 	/opt/homebrew/Caskroom/miniforge/base/envs/nlp_env/lib/python3.12/site-packages/pandas/_libs/ops_dispatch.cpython-312-darwin.so
0x0000000145bcc000 	/opt/homebrew/Caskroom/miniforge/base/envs/nlp_env/lib/python3.12/site-packages/pandas/_libs/algos.cpython-312-darwin.so
0x0000000145dec000 	/opt/homebrew/Caskroom/miniforge/base/envs/nlp_env/lib/python3.12/site-packages/pandas/_libs/lib.cpython-312-darwin.so
0x0000000145f98000 	/opt/homebrew/Caskroom/miniforge/base/envs/nlp_env/lib/python3.12/site-packages/pyarrow/_compute.cpython-312-darwin.so
0x0000000141d68000 	/opt/homebrew/Caskroom/miniforge/base/envs/nlp_env/lib/python3.12/site-packages/pandas/_libs/ops.cpython-312-darwin.so
0x00000001424d8000 	/opt/homebrew/Caskroom/miniforge/base/envs/nlp_env/lib/python3.12/site-packages/pandas/_libs/hashing.cpython-312-darwin.so
0x0000000143868000 	/opt/homebrew/Caskroom/miniforge/base/envs/nlp_env/lib/python3.12/site-packages/pandas/_libs/arrays.cpython-312-darwin.so
0x00000001446fc000 	/opt/homebrew/Caskroom/miniforge/base/envs/nlp_env/lib/python3.12/site-packages/pandas/_libs/tslib.cpython-312-darwin.so
0x0000000146368000 	/opt/homebrew/Caskroom/miniforge/base/envs/nlp_env/lib/python3.12/site-packages/pandas/_libs/sparse.cpython-312-darwin.so
0x0000000144724000 	/opt/homebrew/Caskroom/miniforge/base/envs/nlp_env/lib/python3.12/site-packages/pandas/_libs/internals.cpython-312-darwin.so
0x00000001424f4000 	/opt/homebrew/Caskroom/miniforge/base/envs/nlp_env/lib/python3.12/site-packages/pandas/_libs/indexing.cpython-312-darwin.so
0x00000001466e8000 	/opt/homebrew/Caskroom/miniforge/base/envs/nlp_env/lib/python3.12/site-packages/pandas/_libs/index.cpython-312-darwin.so
0x0000000144180000 	/opt/homebrew/Caskroom/miniforge/base/envs/nlp_env/lib/python3.12/site-packages/pandas/_libs/writers.cpython-312-darwin.so
0x0000000146880000 	/opt/homebrew/Caskroom/miniforge/base/envs/nlp_env/lib/python3.12/site-packages/pandas/_libs/join.cpython-312-darwin.so
0x0000000141c28000 	/opt/homebrew/Caskroom/miniforge/base/envs/nlp_env/lib/python3.12/lib-dynload/grp.cpython-312-darwin.so
0x00000001467f4000 	/opt/homebrew/Caskroom/miniforge/base/envs/nlp_env/lib/python3.12/site-packages/pandas/_libs/window/aggregations.cpython-312-darwin.so
0x0000000144974000 	/opt/homebrew/Caskroom/miniforge/base/envs/nlp_env/lib/python3.12/site-packages/pandas/_libs/window/indexers.cpython-312-darwin.so
0x00000001449dc000 	/opt/homebrew/Caskroom/miniforge/base/envs/nlp_env/lib/python3.12/site-packages/pandas/_libs/reshape.cpython-312-darwin.so
0x00000001470f4000 	/opt/homebrew/Caskroom/miniforge/base/envs/nlp_env/lib/python3.12/site-packages/pandas/_libs/groupby.cpython-312-darwin.so
0x0000000142d64000 	/opt/homebrew/Caskroom/miniforge/base/envs/nlp_env/lib/python3.12/site-packages/pandas/_libs/json.cpython-312-darwin.so
0x0000000147080000 	/opt/homebrew/Caskroom/miniforge/base/envs/nlp_env/lib/python3.12/site-packages/pandas/_libs/parsers.cpython-312-darwin.so
0x00000001441a0000 	/opt/homebrew/Caskroom/miniforge/base/envs/nlp_env/lib/python3.12/site-packages/pandas/_libs/testing.cpython-312-darwin.so
0x0000000141c58000 	/opt/homebrew/Caskroom/miniforge/base/envs/nlp_env/lib/python3.12/lib-dynload/cmath.cpython-312-darwin.so
0x00000001436e4000 	/opt/homebrew/Caskroom/miniforge/base/envs/nlp_env/lib/python3.12/site-packages/sklearn/utils/_isfinite.cpython-312-darwin.so
0x00000001462d4000 	/opt/homebrew/Caskroom/miniforge/base/envs/nlp_env/lib/python3.12/site-packages/sklearn/_cyutility.cpython-312-darwin.so
0x0000000147798000 	/opt/homebrew/Caskroom/miniforge/base/envs/nlp_env/lib/python3.12/site-packages/sklearn/utils/sparsefuncs_fast.cpython-312-darwin.so
0x00000001445ac000 	/opt/homebrew/Caskroom/miniforge/base/envs/nlp_env/lib/python3.12/site-packages/sklearn/utils/murmurhash.cpython-312-darwin.so
0x00000001447dc000 	/opt/homebrew/Caskroom/miniforge/base/envs/nlp_env/lib/python3.12/site-packages/sklearn/utils/_openmp_helpers.cpython-312-darwin.so
0x00000001478c8000 	/opt/homebrew/Caskroom/miniforge/base/envs/nlp_env/lib/python3.12/site-packages/sklearn/.dylibs/libomp.dylib
0x000000014633c000 	/opt/homebrew/Caskroom/miniforge/base/envs/nlp_env/lib/python3.12/site-packages/sklearn/utils/_seq_dataset.cpython-312-darwin.so
0x0000000146854000 	/opt/homebrew/Caskroom/miniforge/base/envs/nlp_env/lib/python3.12/site-packages/sklearn/utils/_random.cpython-312-darwin.so
0x00000001479cc000 	/opt/homebrew/Caskroom/miniforge/base/envs/nlp_env/lib/python3.12/site-packages/sklearn/linear_model/_cd_fast.cpython-312-darwin.so
0x0000000146a8c000 	/opt/homebrew/Caskroom/miniforge/base/envs/nlp_env/lib/python3.12/site-packages/sklearn/utils/_cython_blas.cpython-312-darwin.so
0x00000001442e8000 	/opt/homebrew/Caskroom/miniforge/base/envs/nlp_env/lib/python3.12/site-packages/sklearn/metrics/cluster/_expected_mutual_info_fast.cpython-312-darwin.so
0x0000000147c44000 	/opt/homebrew/Caskroom/miniforge/base/envs/nlp_env/lib/python3.12/site-packages/sklearn/metrics/_dist_metrics.cpython-312-darwin.so
0x0000000147040000 	/opt/homebrew/Caskroom/miniforge/base/envs/nlp_env/lib/python3.12/site-packages/sklearn/metrics/_pairwise_distances_reduction/_argkmin.cpython-312-darwin.so
0x00000001475a8000 	/opt/homebrew/Caskroom/miniforge/base/envs/nlp_env/lib/python3.12/site-packages/sklearn/metrics/_pairwise_distances_reduction/_base.cpython-312-darwin.so
0x0000000147750000 	/opt/homebrew/Caskroom/miniforge/base/envs/nlp_env/lib/python3.12/site-packages/sklearn/metrics/_pairwise_distances_reduction/_datasets_pair.cpython-312-darwin.so
0x0000000147da8000 	/opt/homebrew/Caskroom/miniforge/base/envs/nlp_env/lib/python3.12/site-packages/sklearn/metrics/_pairwise_distances_reduction/_middle_term_computer.cpython-312-darwin.so
0x0000000141c6c000 	/opt/homebrew/Caskroom/miniforge/base/envs/nlp_env/lib/python3.12/site-packages/sklearn/utils/_heap.cpython-312-darwin.so
0x00000001445f0000 	/opt/homebrew/Caskroom/miniforge/base/envs/nlp_env/lib/python3.12/site-packages/sklearn/utils/_sorting.cpython-312-darwin.so
0x0000000147a24000 	/opt/homebrew/Caskroom/miniforge/base/envs/nlp_env/lib/python3.12/site-packages/sklearn/metrics/_pairwise_distances_reduction/_argkmin_classmode.cpython-312-darwin.so
0x0000000147bf0000 	/opt/homebrew/Caskroom/miniforge/base/envs/nlp_env/lib/python3.12/site-packages/sklearn/metrics/_pairwise_distances_reduction/_radius_neighbors.cpython-312-darwin.so
0x0000000144864000 	/opt/homebrew/Caskroom/miniforge/base/envs/nlp_env/lib/python3.12/site-packages/sklearn/utils/_vector_sentinel.cpython-312-darwin.so
0x0000000147cd8000 	/opt/homebrew/Caskroom/miniforge/base/envs/nlp_env/lib/python3.12/site-packages/sklearn/metrics/_pairwise_distances_reduction/_radius_neighbors_classmode.cpython-312-darwin.so
0x0000000147d40000 	/opt/homebrew/Caskroom/miniforge/base/envs/nlp_env/lib/python3.12/site-packages/sklearn/metrics/_pairwise_fast.cpython-312-darwin.so
0x0000000148054000 	/opt/homebrew/Caskroom/miniforge/base/envs/nlp_env/lib/python3.12/site-packages/sklearn/preprocessing/_csr_polynomial_expansion.cpython-312-darwin.so
0x00000001480dc000 	/opt/homebrew/Caskroom/miniforge/base/envs/nlp_env/lib/python3.12/site-packages/sklearn/preprocessing/_target_encoder_fast.cpython-312-darwin.so
0x000000014839c000 	/opt/homebrew/Caskroom/miniforge/base/envs/nlp_env/lib/python3.12/site-packages/sklearn/_loss/_loss.cpython-312-darwin.so
0x00000001448c8000 	/opt/homebrew/Caskroom/miniforge/base/envs/nlp_env/lib/python3.12/site-packages/sklearn/utils/arrayfuncs.cpython-312-darwin.so
0x00000001448ec000 	/opt/homebrew/Caskroom/miniforge/base/envs/nlp_env/lib/python3.12/site-packages/sklearn/linear_model/_sag_fast.cpython-312-darwin.so
0x0000000148228000 	/opt/homebrew/Caskroom/miniforge/base/envs/nlp_env/lib/python3.12/site-packages/sklearn/svm/_liblinear.cpython-312-darwin.so
0x00000001482a4000 	/opt/homebrew/Caskroom/miniforge/base/envs/nlp_env/lib/python3.12/site-packages/sklearn/svm/_libsvm.cpython-312-darwin.so
0x0000000148250000 	/opt/homebrew/Caskroom/miniforge/base/envs/nlp_env/lib/python3.12/site-packages/sklearn/svm/_libsvm_sparse.cpython-312-darwin.so
0x00000001482f8000 	/opt/homebrew/Caskroom/miniforge/base/envs/nlp_env/lib/python3.12/site-packages/sklearn/linear_model/_sgd_fast.cpython-312-darwin.so
0x0000000144820000 	/opt/homebrew/Caskroom/miniforge/base/envs/nlp_env/lib/python3.12/site-packages/sklearn/utils/_weight_vector.cpython-312-darwin.so
0x0000000144ac0000 	/opt/homebrew/Caskroom/miniforge/base/envs/nlp_env/lib/python3.12/site-packages/sklearn/decomposition/_online_lda_fast.cpython-312-darwin.so
0x0000000144930000 	/opt/homebrew/Caskroom/miniforge/base/envs/nlp_env/lib/python3.12/site-packages/sklearn/decomposition/_cdnmf_fast.cpython-312-darwin.so
0x000000014b400000 	/opt/homebrew/Caskroom/miniforge/base/envs/nlp_env/lib/python3.12/site-packages/matplotlib/backends/_backend_agg.cpython-312-darwin.so
0x0000000142f30000 	/opt/homebrew/Caskroom/miniforge/base/envs/nlp_env/lib/python3.12/site-packages/PIL/_imagingmath.cpython-312-darwin.so
0x000000014b4f0000 	/opt/homebrew/Caskroom/miniforge/base/envs/nlp_env/lib/python3.12/site-packages/_jpype.so
0x0000000148328000 	/opt/homebrew/Caskroom/miniforge/base/envs/nlp_env/lib/python3.12/site-packages/MeCab/_MeCab.cpython-312-darwin.so
0x0000000148510000 	/opt/homebrew/Caskroom/miniforge/base/envs/nlp_env/lib/python3.12/site-packages/MeCab/.dylibs/libmecab.2.dylib
0x0000000148354000 	/opt/homebrew/Caskroom/miniforge/base/envs/nlp_env/lib/jvm/lib/libjli.dylib
0x00000001a4a51000 	/System/Library/Frameworks/Cocoa.framework/Versions/A/Cocoa
0x0000000189737000 	/System/Library/Frameworks/AppKit.framework/Versions/C/AppKit
0x000000023db70000 	/System/Library/PrivateFrameworks/CollectionViewCore.framework/Versions/A/CollectionViewCore
0x000000019237b000 	/System/Library/PrivateFrameworks/XCTTargetBootstrap.framework/Versions/A/XCTTargetBootstrap
0x0000000197dc4000 	/System/Library/PrivateFrameworks/UserActivity.framework/Versions/A/UserActivity
0x00000002475de000 	/System/Library/PrivateFrameworks/FrontBoard.framework/Versions/A/FrontBoard
0x000000027b6b4000 	/System/Library/PrivateFrameworks/UIIntelligenceSupport.framework/Versions/A/UIIntelligenceSupport
0x0000000231f07000 	/System/Library/Frameworks/SwiftUICore.framework/Versions/A/SwiftUICore
0x0000000282248000 	/System/Library/PrivateFrameworks/WritingTools.framework/Versions/A/WritingTools
0x0000000281043000 	/System/Library/PrivateFrameworks/WindowManagement.framework/Versions/A/WindowManagement
0x0000000247313000 	/System/Library/PrivateFrameworks/FocusEngine.framework/Versions/A/FocusEngine
0x0000000244d1f000 	/System/Library/PrivateFrameworks/DesignLibrary.framework/Versions/A/DesignLibrary
0x0000000192366000 	/System/Library/PrivateFrameworks/DFRFoundation.framework/Versions/A/DFRFoundation
0x000000027c5fd000 	/System/Library/PrivateFrameworks/UpdateCycle.framework/Versions/A/UpdateCycle
0x000000019206a000 	/System/Library/Frameworks/Carbon.framework/Versions/A/Frameworks/HIToolbox.framework/Versions/A/HIToolbox
0x000000019d38f000 	/System/Library/Frameworks/Carbon.framework/Versions/A/Frameworks/SpeechRecognition.framework/Versions/A/SpeechRecognition
0x000000018fa94000 	/System/Library/PrivateFrameworks/PerformanceAnalysis.framework/Versions/A/PerformanceAnalysis
0x000000019d71f000 	/System/Library/Frameworks/Accessibility.framework/Versions/A/Accessibility
0x0000000232e64000 	/System/Library/Frameworks/Symbols.framework/Versions/A/Symbols
0x0000000250873000 	/System/Library/PrivateFrameworks/Gestures.framework/Versions/A/Gestures
0x0000000289bcb000 	/usr/lib/swift/libswiftSpatial.dylib
0x00000001af464000 	/usr/lib/swift/libswiftCoreGraphics.dylib
0x000000019e163000 	/usr/lib/swift/libswiftFoundation.dylib
0x00000001e9a21000 	/usr/lib/swift/libswiftSwiftOnoneSupport.dylib
0x0000000289e51000 	/usr/lib/swift/libswiftsys_time.dylib
0x00000001d4656000 	/System/Library/PrivateFrameworks/CoreMaterial.framework/Versions/A/CoreMaterial
0x00000002883fc000 	/usr/lib/libSpatial.dylib
0x0000000287e1d000 	/System/Library/SubFrameworks/UIUtilities.framework/Versions/A/UIUtilities
0x000000018d369000 	/System/Library/Frameworks/Accounts.framework/Versions/A/Accounts
0x00000001b1393000 	/System/Library/Frameworks/AVFoundation.framework/Versions/A/AVFoundation
0x0000000197a68000 	/System/Library/PrivateFrameworks/InternationalSupport.framework/Versions/A/InternationalSupport
0x00000001a1279000 	/System/Library/PrivateFrameworks/CoreWiFi.framework/Versions/A/CoreWiFi
0x000000019fdee000 	/System/Library/PrivateFrameworks/Rapport.framework/Versions/A/Rapport
0x0000000233df3000 	/System/Library/Frameworks/_LocationEssentials.framework/Versions/A/_LocationEssentials
0x00000001a1e6e000 	/System/Library/Frameworks/ApplicationServices.framework/Versions/A/ApplicationServices
0x000000019928d000 	/System/Library/Frameworks/ApplicationServices.framework/Versions/A/Frameworks/ATS.framework/Versions/A/ATS
0x000000018c922000 	/System/Library/Frameworks/ApplicationServices.framework/Versions/A/Frameworks/HIServices.framework/Versions/A/HIServices
0x000000019795e000 	/System/Library/Frameworks/ApplicationServices.framework/Versions/A/Frameworks/PrintCore.framework/Versions/A/PrintCore
0x000000019963f000 	/System/Library/Frameworks/ApplicationServices.framework/Versions/A/Frameworks/QD.framework/Versions/A/QD
0x000000019963a000 	/System/Library/Frameworks/ApplicationServices.framework/Versions/A/Frameworks/ColorSyncLegacy.framework/Versions/A/ColorSyncLegacy
0x000000019925f000 	/System/Library/Frameworks/ApplicationServices.framework/Versions/A/Frameworks/SpeechSynthesis.framework/Versions/A/SpeechSynthesis
0x0000000196ac9000 	/System/Library/PrivateFrameworks/IconServices.framework/Versions/A/IconServices
0x0000000196a68000 	/System/Library/PrivateFrameworks/IconFoundation.framework/Versions/A/IconFoundation
0x0000000253a49000 	/System/Library/PrivateFrameworks/IconRendering.framework/Versions/A/IconRendering
0x000000018f7d8000 	/System/Library/PrivateFrameworks/CoreUI.framework/Versions/A/CoreUI
0x000000026abb3000 	/System/Library/PrivateFrameworks/SFSymbols.framework/Versions/A/SFSymbols
0x000000022c726000 	/System/Library/Frameworks/DeveloperToolsSupport.framework/Versions/A/DeveloperToolsSupport
0x00000001a96f8000 	/System/Library/PrivateFrameworks/RenderBox.framework/Versions/A/RenderBox
0x0000000192381000 	/System/Library/PrivateFrameworks/CoreSVG.framework/Versions/A/CoreSVG
0x00000001979d1000 	/System/Library/PrivateFrameworks/TextureIO.framework/Versions/A/TextureIO
0x00000001b262f000 	/usr/lib/swift/libswiftCoreImage.dylib
0x0000000197919000 	/System/Library/Frameworks/ApplicationServices.framework/Versions/A/Frameworks/ATSUI.framework/Versions/A/ATSUI
0x0000000194e62000 	/System/Library/Frameworks/UserNotifications.framework/Versions/A/UserNotifications
0x00000001b7fdd000 	/System/Library/PrivateFrameworks/SiriInstrumentation.framework/Versions/A/SiriInstrumentation
0x000000026d094000 	/System/Library/PrivateFrameworks/SiriAnalytics.framework/Versions/A/SiriAnalytics
0x00000001b5745000 	/System/Library/PrivateFrameworks/FeedbackLogger.framework/Versions/A/FeedbackLogger
0x00000001cffd4000 	/usr/lib/swift/libswiftAVFoundation.dylib
0x000000027bd8f000 	/System/Library/PrivateFrameworks/UnifiedAssetFramework.framework/Versions/A/UnifiedAssetFramework
0x000000019e811000 	/System/Library/Frameworks/CoreBluetooth.framework/Versions/A/CoreBluetooth
0x0000000194097000 	/System/Library/PrivateFrameworks/CoreUtils.framework/Versions/A/CoreUtils
0x0000000244157000 	/System/Library/PrivateFrameworks/CoreUtilsExtras.framework/Versions/A/CoreUtilsExtras
0x000000025399e000 	/System/Library/PrivateFrameworks/IO80211.framework/Versions/A/IO80211
0x000000019b187000 	/System/Library/Frameworks/IOBluetooth.framework/Versions/A/IOBluetooth
0x0000000289b28000 	/usr/lib/swift/libswiftRegexBuilder.dylib
0x00000001967e3000 	/usr/lib/libIOReport.dylib
0x00000001e09ee000 	/System/Library/PrivateFrameworks/WiFiPeerToPeer.framework/Versions/A/WiFiPeerToPeer
0x000000023c7f9000 	/System/Library/PrivateFrameworks/Centauri.framework/Versions/A/Centauri
0x00000002892a0000 	/usr/lib/libmrc.dylib
0x0000000253a09000 	/System/Library/PrivateFrameworks/IPConfiguration.framework/Versions/A/IPConfiguration
0x00000001d4618000 	/System/Library/PrivateFrameworks/Netrb.framework/Versions/A/Netrb
0x000000019f794000 	/System/Library/PrivateFrameworks/FrontBoardServices.framework/Versions/A/FrontBoardServices
0x00000001a2443000 	/System/Library/Frameworks/AudioUnit.framework/Versions/A/AudioUnit
0x000000019b52f000 	/System/Library/PrivateFrameworks/GeoServices.framework/Versions/A/GeoServices
0x0000000198f5f000 	/System/Library/PrivateFrameworks/LocationSupport.framework/Versions/A/LocationSupport
0x00000002506c5000 	/System/Library/PrivateFrameworks/GeoServicesCore.framework/Versions/A/GeoServicesCore
0x00000001ab32f000 	/System/Library/PrivateFrameworks/PhoneNumbers.framework/Versions/A/PhoneNumbers
0x0000000258e4d000 	/System/Library/PrivateFrameworks/LocationLogEncryption.framework/Versions/A/LocationLogEncryption
0x000000022ad61000 	/System/Library/Frameworks/AVFAudio.framework/Versions/A/AVFAudio
0x000000022aea5000 	/System/Library/Frameworks/AVRouting.framework/Versions/A/AVRouting
0x00000001ab447000 	/usr/lib/libAccessibility.dylib
0x0000000257837000 	/System/Library/PrivateFrameworks/IsolatedCoreAudioClient.framework/Versions/A/IsolatedCoreAudioClient
0x000000023ff8f000 	/System/Library/PrivateFrameworks/CoreAudioOrchestration.framework/Versions/A/CoreAudioOrchestration
0x0000000197e35000 	/System/Library/Frameworks/MediaToolbox.framework/Versions/A/MediaToolbox
0x000000019eb40000 	/System/Library/PrivateFrameworks/CoreAVCHD.framework/Versions/A/CoreAVCHD
0x000000019da6f000 	/System/Library/Frameworks/MediaAccessibility.framework/Versions/A/MediaAccessibility
0x000000019eb3c000 	/System/Library/PrivateFrameworks/Mangrove.framework/Versions/A/Mangrove
0x000000023be35000 	/System/Library/PrivateFrameworks/CMPhoto.framework/Versions/A/CMPhoto
0x000000019f309000 	/System/Library/Frameworks/CoreTelephony.framework/Versions/A/CoreTelephony
0x000000019eb2f000 	/System/Library/PrivateFrameworks/CoreAUC.framework/Versions/A/CoreAUC
0x0000000238fa6000 	/System/Library/PrivateFrameworks/AppleJPEGXL.framework/Versions/A/AppleJPEGXL
0x0000000199860000 	/usr/lib/libTelephonyUtilDynamic.dylib
0x00000001db580000 	/System/Library/Frameworks/CryptoKit.framework/Versions/A/CryptoKit
0x00000001a243e000 	/System/Library/PrivateFrameworks/CryptoKitCBridging.framework/Versions/A/CryptoKitCBridging
0x000000019f94d000 	/System/Library/Frameworks/CryptoTokenKit.framework/Versions/A/CryptoTokenKit
0x0000000244caf000 	/System/Library/PrivateFrameworks/Dendrite.framework/Versions/A/Dendrite
0x00000001b2153000 	/System/Library/Frameworks/NaturalLanguage.framework/Versions/A/NaturalLanguage
0x00000002503c8000 	/System/Library/PrivateFrameworks/GenerativeModels.framework/Versions/A/GenerativeModels
0x00000001e0976000 	/usr/lib/swift/libswiftNaturalLanguage.dylib
0x00000001a25cd000 	/System/Library/PrivateFrameworks/Espresso.framework/Versions/A/Espresso
0x000000019022d000 	/System/Library/Frameworks/CoreML.framework/Versions/A/CoreML
0x00000001de833000 	/usr/lib/libedit.3.dylib
0x0000000227b70000 	/System/Library/PrivateFrameworks/ANECompiler.framework/Versions/A/ANECompiler
0x00000001a46a2000 	/System/Library/PrivateFrameworks/AppleNeuralEngine.framework/Versions/A/AppleNeuralEngine
0x000000022eaf3000 	/System/Library/Frameworks/MetalPerformanceShadersGraph.framework/Versions/A/MetalPerformanceShadersGraph
0x00000002596da000 	/System/Library/PrivateFrameworks/MLCompilerServices.framework/Versions/A/MLCompilerServices
0x00000001a341f000 	/System/Library/PrivateFrameworks/ANEServices.framework/Versions/A/ANEServices
0x00000001b780b000 	/usr/lib/libncurses.5.4.dylib
0x00000001896da000 	/usr/lib/libsandbox.1.dylib
0x0000000196984000 	/usr/lib/libMatch.1.dylib
0x0000000262f5a000 	/System/Library/PrivateFrameworks/ODIE.framework/Versions/A/ODIE
0x000000025c367000 	/System/Library/PrivateFrameworks/MLModelAsset.framework/Versions/A/MLModelAsset
0x0000000259680000 	/System/Library/PrivateFrameworks/MLCompilerRuntime.framework/Versions/A/MLCompilerRuntime
0x000000019465f000 	/System/Library/Frameworks/MLCompute.framework/Versions/A/MLCompute
0x0000000259602000 	/System/Library/PrivateFrameworks/MLAssetIO.framework/Versions/A/MLAssetIO
0x0000000289afa000 	/usr/lib/swift/libswiftMLCompute.dylib
0x000000019f524000 	/System/Library/PrivateFrameworks/AVFCore.framework/Versions/A/AVFCore
0x00000001a8d49000 	/System/Library/PrivateFrameworks/AVFCapture.framework/Versions/A/AVFCapture
0x000000023bc2c000 	/System/Library/PrivateFrameworks/CMImaging.framework/Versions/A/CMImaging
0x00000001a8f8b000 	/System/Library/PrivateFrameworks/Quagga.framework/Versions/A/Quagga
0x00000001a90bc000 	/System/Library/PrivateFrameworks/CMCapture.framework/Versions/A/CMCapture
0x00000001993ea000 	/System/Library/Frameworks/CoreMediaIO.framework/Versions/A/CoreMediaIO
0x000000023bb67000 	/System/Library/PrivateFrameworks/CMCaptureDevice.framework/Versions/A/CMCaptureDevice
0x0000000196dbf000 	/System/Library/PrivateFrameworks/CoreBrightness.framework/Versions/A/CoreBrightness
0x000000023ccf0000 	/System/Library/PrivateFrameworks/CinematicFraming.framework/Versions/A/CinematicFraming
0x000000025f442000 	/System/Library/PrivateFrameworks/ModelManagerServices.framework/Versions/A/ModelManagerServices
0x00000001cd03e000 	/System/Library/PrivateFrameworks/CPMS.framework/Versions/A/CPMS
0x0000000276c8f000 	/System/Library/PrivateFrameworks/SystemStatus.framework/Versions/A/SystemStatus
0x00000001b0f91000 	/System/Library/Frameworks/CoreMotion.framework/Versions/A/CoreMotion
0x00000001c155e000 	/System/Library/PrivateFrameworks/TimeSync.framework/Versions/A/TimeSync
0x0000000245675000 	/System/Library/PrivateFrameworks/DistributedSensing.framework/Versions/A/DistributedSensing
0x00000001bc953000 	/System/Library/PrivateFrameworks/MobileBluetooth.framework/Versions/A/MobileBluetooth
0x00000001c321c000 	/System/Library/PrivateFrameworks/IOKitten.framework/Versions/A/IOKitten
0x0000000238e20000 	/System/Library/PrivateFrameworks/AppleIntelligenceReporting.framework/Versions/A/AppleIntelligenceReporting
0x0000000193fa6000 	/System/Library/PrivateFrameworks/CoreEmoji.framework/Versions/A/CoreEmoji
0x0000000187b15000 	/System/Library/PrivateFrameworks/LanguageModeling.framework/Versions/A/LanguageModeling
0x000000018ca8b000 	/System/Library/PrivateFrameworks/Montreal.framework/Versions/A/Montreal
0x0000000195116000 	/usr/lib/libcmph.dylib
0x00000002504aa000 	/System/Library/PrivateFrameworks/GenerativeModelsFoundation.framework/Versions/A/GenerativeModelsFoundation
0x0000000279a6c000 	/System/Library/PrivateFrameworks/TokenGeneration.framework/Versions/A/TokenGeneration
0x000000025027e000 	/System/Library/PrivateFrameworks/GenerativeFunctions.framework/Versions/A/GenerativeFunctions
0x00000002502cc000 	/System/Library/PrivateFrameworks/GenerativeFunctionsFoundation.framework/Versions/A/GenerativeFunctionsFoundation
0x000000025f108000 	/System/Library/PrivateFrameworks/ModelCatalog.framework/Versions/A/ModelCatalog
0x000000026c2ae000 	/System/Library/PrivateFrameworks/SensitiveContentAnalysisML.framework/Versions/A/SensitiveContentAnalysisML
0x0000000250362000 	/System/Library/PrivateFrameworks/GenerativeFunctionsInstrumentation.framework/Versions/A/GenerativeFunctionsInstrumentation
0x0000000269126000 	/System/Library/PrivateFrameworks/PromptKit.framework/Versions/A/PromptKit
0x0000000268b3d000 	/System/Library/PrivateFrameworks/ProactiveDaemonSupport.framework/Versions/A/ProactiveDaemonSupport
0x0000000279ca4000 	/System/Library/PrivateFrameworks/TokenGenerationCore.framework/Versions/A/TokenGenerationCore
0x00000001b301e000 	/System/Library/PrivateFrameworks/Trial.framework/Versions/A/Trial
0x00000001b2f9f000 	/System/Library/PrivateFrameworks/TrialProto.framework/Versions/A/TrialProto
0x0000000238a4c000 	/System/Library/PrivateFrameworks/AppleFlatBuffers.framework/Versions/A/AppleFlatBuffers
0x000000026c57e000 	/System/Library/PrivateFrameworks/SentencePieceInternal.framework/Versions/A/SentencePieceInternal
0x000000019dac9000 	/System/Library/Frameworks/Vision.framework/Versions/A/Vision
0x0000000243e39000 	/System/Library/PrivateFrameworks/CoreSceneUnderstanding.framework/Versions/A/CoreSceneUnderstanding
0x000000027e8e4000 	/System/Library/PrivateFrameworks/VisionCore.framework/Versions/A/VisionCore
0x0000000197d72000 	/System/Library/PrivateFrameworks/DataDetectorsCore.framework/Versions/A/DataDetectorsCore
0x00000001bb8e1000 	/System/Library/Frameworks/Vision.framework/libfaceCore.dylib
0x00000001bc3fb000 	/System/Library/PrivateFrameworks/Futhark.framework/Versions/A/Futhark
0x00000001c033b000 	/System/Library/PrivateFrameworks/InertiaCam.framework/Versions/A/InertiaCam
0x00000001bc188000 	/System/Library/PrivateFrameworks/TextRecognition.framework/Versions/A/TextRecognition
0x000000022c70f000 	/System/Library/Frameworks/DataDetection.framework/Versions/A/DataDetection
0x00000001b63b1000 	/System/Library/PrivateFrameworks/TextInput.framework/Versions/A/TextInput
0x0000000196821000 	/System/Library/PrivateFrameworks/CVNLP.framework/Versions/A/CVNLP
0x00000001995ce000 	/usr/lib/libcups.2.dylib
0x00000001ab33b000 	/System/Library/PrivateFrameworks/AXCoreUtilities.framework/Versions/A/AXCoreUtilities
0x00000001bb72c000 	/System/Library/PrivateFrameworks/AttributeGraph.framework/Versions/A/AttributeGraph
0x0000000287f00000 	/usr/lib/libAXSafeCategoryBundle.dylib
0x0000000232e7e000 	/System/Library/Frameworks/TabularData.framework/Versions/A/TabularData
0x0000000239ccc000 	/System/Library/PrivateFrameworks/ArgumentParserInternal.framework/Versions/A/ArgumentParserInternal
0x000000022c1f4000 	/System/Library/Frameworks/CoreTransferable.framework/Versions/A/CoreTransferable
0x000000018ae5a000 	/System/Library/PrivateFrameworks/UIFoundation.framework/Versions/A/UIFoundation
0x0000000161024000 	/opt/homebrew/Caskroom/miniforge/base/envs/nlp_env/lib/jvm/lib/server/libjvm.dylib
0x0000000144a08000 	/opt/homebrew/Caskroom/miniforge/base/envs/nlp_env/lib/jvm/lib/libjimage.dylib
0x000000014b10c000 	/opt/homebrew/Caskroom/miniforge/base/envs/nlp_env/lib/jvm/lib/libjava.dylib
0x0000000145b40000 	/opt/homebrew/Caskroom/miniforge/base/envs/nlp_env/lib/jvm/lib/libnio.dylib
0x0000000145b84000 	/opt/homebrew/Caskroom/miniforge/base/envs/nlp_env/lib/jvm/lib/libnet.dylib
0x000000014b47c000 	/opt/homebrew/Caskroom/miniforge/base/envs/nlp_env/lib/jvm/lib/libzip.dylib
0x0000000145d5c000 	/opt/homebrew/Caskroom/miniforge/base/envs/nlp_env/lib/jvm/lib/libverify.dylib


VM Arguments:
jvm_args: -Dfile.encoding=UTF8 -ea -Xmx1024m 
java_command: <unknown>
java_class_path (initial): /opt/homebrew/Caskroom/miniforge/base/envs/nlp_env/lib/python3.12/site-packages/konlpy/java:/opt/homebrew/Caskroom/miniforge/base/envs/nlp_env/lib/python3.12/site-packages/konlpy/java/bin:/opt/homebrew/Caskroom/miniforge/base/envs/nlp_env/lib/python3.12/site-packages/konlpy/java/scala-library-2.12.3.jar:/opt/homebrew/Caskroom/miniforge/base/envs/nlp_env/lib/python3.12/site-packages/konlpy/java/twitter-text-1.14.7.jar:/opt/homebrew/Caskroom/miniforge/base/envs/nlp_env/lib/python3.12/site-packages/konlpy/java/komoran-3.0.jar:/opt/homebrew/Caskroom/miniforge/base/envs/nlp_env/lib/python3.12/site-packages/konlpy/java/jhannanum-0.8.4.jar:/opt/homebrew/Caskroom/miniforge/base/envs/nlp_env/lib/python3.12/site-packages/konlpy/java/open-korean-text-2.1.0.jar:/opt/homebrew/Caskroom/miniforge/base/envs/nlp_env/lib/python3.12/site-packages/konlpy/java/aho-corasick.jar:/opt/homebrew/Caskroom/miniforge/base/envs/nlp_env/lib/python3.12/site-packages/konlpy/java/kkma-2.0.jar:/opt/homebrew/Caskroom/miniforge/base/envs/nlp_env/lib/python3.12/site-packages/konlpy/java/shineware-common-1.0.jar:/opt/homebrew/Caskroom/miniforge/base/envs/nlp_env/lib/python3.12/site-packages/konlpy/java/snakeyaml-1.12.jar:/opt/homebrew/Caskroom/miniforge/base/envs/nlp_env/lib/python3.12/site-packages/konlpy/java/shineware-ds-1.0.jar:/opt/homebrew/Caskroom/miniforge/base/envs/nlp_env/lib/python3.12/site-packages/konlpy/java/jhannanum-0.8.4.jar:/opt/homebrew/Caskroom/miniforge/base/envs/nlp_env/lib/python3.12/site-packages/konlpy/java/kkma-2.0.jar:/opt/homebrew/Caskroom/miniforge/base/envs/nlp_env/lib/python3.12/site-packages/konlpy/java/aho-corasick.jar:/opt/homebrew/Caskroom/miniforge/base/envs/nlp_env/lib/python3.12/site-packages/konlpy/java/shineware-common-1.0.jar:/opt/homebrew/Caskroom/miniforge/base/envs/nlp_env/lib/python3.12/site-packages/konlpy/java/shineware-ds-1.0.jar:/opt/homebrew/Caskroom/miniforge/base/envs/nlp_env/lib/python3.12/site-packages/konlpy/java/komoran-
Launcher Type: generic

[Global flags]
     intx CICompilerCount                          = 4                                         {product} {ergonomic}
     uint ConcGCThreads                            = 2                                         {product} {ergonomic}
     uint G1ConcRefinementThreads                  = 9                                         {product} {ergonomic}
   size_t G1HeapRegionSize                         = 1048576                                   {product} {ergonomic}
    uintx GCDrainStackTargetSize                   = 64                                        {product} {ergonomic}
   size_t InitialHeapSize                          = 536870912                                 {product} {ergonomic}
   size_t MarkStackSize                            = 4194304                                   {product} {ergonomic}
   size_t MaxHeapSize                              = 1073741824                                {product} {command line}
   size_t MaxNewSize                               = 643825664                                 {product} {ergonomic}
   size_t MinHeapDeltaBytes                        = 1048576                                   {product} {ergonomic}
   size_t MinHeapSize                              = 8388608                                   {product} {ergonomic}
    uintx NonNMethodCodeHeapSize                   = 5839564                                {pd product} {ergonomic}
    uintx NonProfiledCodeHeapSize                  = 122909338                              {pd product} {ergonomic}
    uintx ProfiledCodeHeapSize                     = 122909338                              {pd product} {ergonomic}
    uintx ReservedCodeCacheSize                    = 251658240                              {pd product} {ergonomic}
     bool SegmentedCodeCache                       = true                                      {product} {ergonomic}
   size_t SoftMaxHeapSize                          = 1073741824                             {manageable} {ergonomic}
     bool UseCompressedClassPointers               = true                           {product lp64_product} {ergonomic}
     bool UseCompressedOops                        = true                           {product lp64_product} {ergonomic}
     bool UseG1GC                                  = true                                      {product} {ergonomic}
     bool UseNUMA                                  = false                                     {product} {ergonomic}
     bool UseNUMAInterleaving                      = false                                     {product} {ergonomic}

Logging:
Log output configuration:
 #0: stdout all=warning uptime,level,tags
 #1: stderr all=off uptime,level,tags

Environment Variables:
JAVA_HOME=/opt/homebrew/Caskroom/miniforge/base/envs/nlp_env
PATH=/opt/homebrew/Caskroom/miniforge/base/envs/nlp_env/bin:/opt/homebrew/Caskroom/miniforge/base/condabin:/usr/local/bin:/System/Cryptexes/App/usr/bin:/usr/bin:/bin:/usr/sbin:/sbin:/var/run/com.apple.security.cryptexd/codex.system/bootstrap/usr/local/bin:/var/run/com.apple.security.cryptexd/codex.system/bootstrap/usr/bin:/var/run/com.apple.security.cryptexd/codex.system/bootstrap/usr/appleinternal/bin:/pkg/env/global/bin:/Library/Apple/usr/bin:/opt/homebrew/bin
SHELL=/bin/zsh
LANG=C.UTF-8
TERM=xterm-color
TMPDIR=/var/folders/9l/zx81yk6x6hv74zp8fbpqjchr0000gn/T/

Active Locale:
LC_ALL=C/C.UTF-8/C/C/C/C
LC_COLLATE=C
LC_CTYPE=C.UTF-8
LC_MESSAGES=C
LC_MONETARY=C
LC_NUMERIC=C
LC_TIME=C

Signal Handlers:
   SIGSEGV: crash_handler in libjvm.dylib, mask=11100110000111110111111111111111, flags=SA_RESTART|SA_SIGINFO, unblocked
    SIGBUS: crash_handler in libjvm.dylib, mask=11100110000111110111111111111111, flags=SA_RESTART|SA_SIGINFO, unblocked
    SIGFPE: crash_handler in libjvm.dylib, mask=11100110000111110111111111111111, flags=SA_RESTART|SA_SIGINFO, unblocked
   SIGPIPE: javaSignalHandler in libjvm.dylib, mask=11100110000111110111111111111111, flags=SA_RESTART|SA_SIGINFO, blocked
   SIGXFSZ: javaSignalHandler in libjvm.dylib, mask=11100110000111110111111111111111, flags=SA_RESTART|SA_SIGINFO, blocked
    SIGILL: crash_handler in libjvm.dylib, mask=11100110000111110111111111111111, flags=SA_RESTART|SA_SIGINFO, unblocked
   SIGUSR2: SR_handler in libjvm.dylib, mask=00000000000000000000000000000000, flags=SA_RESTART|SA_SIGINFO, blocked
    SIGHUP: UserHandler in libjvm.dylib, mask=11100110000111110111111111111111, flags=SA_RESTART|SA_SIGINFO, blocked
    SIGINT: SIG_IGN, mask=00000000000000000000000000000000, flags=SA_ONSTACK, blocked
   SIGTERM: UserHandler in libjvm.dylib, mask=11100110000111110111111111111111, flags=SA_RESTART|SA_SIGINFO, blocked
   SIGQUIT: UserHandler in libjvm.dylib, mask=11100110000111110111111111111111, flags=SA_RESTART|SA_SIGINFO, blocked
   SIGTRAP: crash_handler in libjvm.dylib, mask=11100110000111110111111111111111, flags=SA_RESTART|SA_SIGINFO, unblocked


Periodic native trim disabled


---------------  S Y S T E M  ---------------

OS:
uname: Darwin 25.5.0 Darwin Kernel Version 25.5.0: Tue Jun  9 22:28:17 PDT 2026; root:xnu-12377.121.10~1/RELEASE_ARM64_T8142 arm64
OS uptime: 14 days 1:10 hours
rlimit (soft/hard): STACK 8176k/65520k , CORE 0k/infinity , NPROC 5333/8000 , NOFILE 1048576/infinity , AS infinity/infinity , CPU infinity/infinity , DATA infinity/infinity , FSIZE infinity/infinity , MEMLOCK infinity/infinity , RSS infinity/infinity
load average: 2.97 3.01 2.97

CPU: total 10 (initial active 10) 0x61:0x0:0x1d5a87e8:0, fp, simd, crc, lse
machdep.cpu.brand_string:Apple M5
hw.cachelinesize:128
hw.l1icachesize:131072
hw.l1dcachesize:65536
hw.l2cachesize:6291456

Memory: 16k page, physical 33554432k(262064k free), swap 5242880k(1753856k free)

vm_info: OpenJDK 64-Bit Server VM (17.0.18+8-LTS) for bsd-aarch64 JRE (17.0.18+8-LTS) (Zulu17.64+17-CA), built on Jan 23 2026 09:57:18 by "tester" with clang Apple LLVM 12.0.5 (clang-1205.0.22.11)

END.
